smiles,order,ma_exact,ma_heur
[H]C([H])([H])C(=O)[C@]1([H])[C@]2([H])OC([H])([H])[C@@]21[H],1,5.0,8.0
[H]C1=C([H])C([H])([H])C([H])([H])C([H])([H])C([H])([H])C1([H])[H],2,4.0,6.75
[H]C([H])([H])[NH2+]C(OC([H])([H])[H])C([H])([H])C([H])([H])C([H])([H])[H],1,6.0,5.58
[H]OC([H])([H])C#C[C@]1([H])OC1([H])[H],1,4.0,6.2
[H][N-]C(OC([H])([H])C([H])([H])[H])[C@]1([H])N([H])C1([H])[H],1,6.0,6.75
[H]C#CC([H])([H])[C@@]([H])(OC([H])([H])[H])C([H])([H])C([H])([H])[H],1,5.0,5.32
[H]C([H])([H])N1C(=O)[C@@]([H])(C([H])([H])C([H])([H])[H])C1([H])[H],1,6.0,6.75
[H]C(=O)C([H])([H])N([H])[C@@]([H])(C([H])=O)C([H])([H])[H],1,4.0,5.09
[H][N-]C1OC([H])([H])OC(=O)N1[H],1,5.0,6.2
[H]C(=O)N1C([H])([H])[C@]1([H])C([H])([H])C([H])([H])C([H])([H])[H],1,6.0,6.75
[H]OC([H])([H])[C@@]1([H])C([H])([H])C([H])([H])[C@@]1([H])C([H])=O,1,5.0,6.67
[H]OC1(C2([H])C([H])([H])C2([H])[H])C([H])([H])C([H])([H])C1([H])[H],1,5.0,8.32
[H]OC([H])([H])[C@@]([H])(C([H])=O)[C@]([H])(O[H])C([H])([H])[H],1,5.0,5.17
[H]C(=O)[C@@]1([H])[N@@H+](C([H])([H])[H])[C@@]1([H])C([H])([H])C([H])([H])[H],1,6.0,6.82
[H]OC([H])([H])[C@]1([H])[N@@H+]2C([H])([H])[C@]2([H])C([H])([H])C1([H])[H],1,6.0,8.32
[H]C([H])([H])C([H])(C([H])([H])[H])[C@@]1([H])O[C@@]1([H])C#N,1,6.0,6.59
[H]OC([H])([H])C([H])([H])[C@]1([H])C(=O)N([H])C1([H])[H],1,6.0,6.59
[H]Oc1nc([H])c(C([H])([H])[H])c([H])n1,1,6.0,6.31
[H]c1c(N([H])[H])oc(=O)n1[H],2,5.0,5.96
[H]C#CC([H])([H])N([H])C(=O)C([H])([H])O[H],1,5.0,4.91
[H]C#C[C@]([H])(C([H])([H])[H])C([H])([H])C([H])([H])C([H])([H])C([H])([H])[H],1,4.0,5.46
[H]C1=C2[C@@]([H])(C([H])([H])[H])C([H])([H])[C@@]2([H])C([H])([H])C1([H])[H],1,5.0,8.32
[H]O[C@@]1([H])C([H])([H])O[C@@]2([H])C([H])([H])[C@@]2([H])C1([H])[H],1,5.0,8.17
[H][N-][C+]([H])OC([H])([H])C([H])([H])OC([H])([H])C([H])([H])[H],1,4.0,5.25
[H]C(=O)[C@@]([H])(OC([H])([H])[H])C([H])([H])[H],1,4.0,4.81
[H]C([H])([H])C1([H])C([H])([H])C(=O)C(=O)C1([H])[H],2,5.0,6.5
[H]C1([H])O[C@@]([H])(C([H])([H])[H])[C@@]([H])(C([H])([H])[H])O1,1,4.0,6.59
[H]C(=O)N1C([H])([H])[C@]2([H])C([H])([H])[C@]12C([H])([H])[H],1,6.0,8.09
[H]C1=C([H])[C@@]2([H])N([H])[C@@]2([H])C12C([H])([H])C2([H])[H],1,7.0,9.59
[H]C#C[C@]1([H])OC([H])([H])[C@]1([H])C([H])([H])C([H])([H])[H],1,6.0,6.67
[H]O[C@]12[C@@]3([H])[C@]4([H])[C@@]3([H])[C@@]1([H])[C@@]42[H],2,5.0,10.7
[H]N1C([H])([H])[C@]2([H])N([H])[C@]([H])(C#N)[C@]12[H],1,4.0,7.91
[H]C#CC(=O)N(/C([H])=N/[H])C([H])([H])[H],2,6.0,4.81
[H]C1([H])O[C@]2([H])C([H])([H])[C@](C([H])([H])[H])(O1)C2([H])[H],2,5.0,8.17
[H]O[C@]12[C@]3([H])O[C@@]1([H])C([H])([H])C([H])([H])[C@@]32[H],1,5.0,9.5
[H]N1C([H])([H])C(=O)C(=O)C1([H])[H],2,4.0,6.08
[H]C1=C([H])C([H])=C([H])C([NH2+]C([H])([H])[H])O1,1,6.0,6.67
[H]O/N=C(\C([H])([H])[H])C([H])([H])[C@]1([H])OC1([H])[H],1,6.0,6.59
[H]C1=C(C([H])([H])[H])[C@@]2([H])O[C@@]2([H])[C@@]1([H])C([H])([H])[H],1,6.0,8.17
[H][C+]([NH2+]C([H])([H])[H])OC([H])([H])C#N,1,5.0,4.91
[H]C([H])([H])[N@H+]1C([H])([H])[C@@]1([H])C(C([H])([H])[H])(C([H])([H])[H])C([H])([H])[H],1,6.0,7.08
[H]C([H])([H])C([H])([H])[C@@]1([H])C([H])([H])[C@]12OC([H])([H])C2([H])[H],1,5.0,8.32
[H]C([H])([H])C(C([H])([H])[H])(C([H])([H])[H])C([H])([H])C([H])([H])C#N,2,4.0,5.39
[H]N(C([H])([H])C#N)[C@@]([H])(C#N)C([H])([H])[H],1,4.0,4.91
[H]O[C@]([H])(C([H])([H])[H])[C@@]1([H])O[C@@]1([H])C#N,1,5.0,6.41
[H]C#C[C@]([H])(OC([H])=O)C([H])([H])[H],1,5.0,4.7
[H]OC([H])([H])[C@@]1([H])[C@@]2([H])N([H])[C@]1([H])[C@@]2([H])O[H],1,6.0,8.09
[H]C#CC([H])([H])[C@]1(C([H])([H])[H])C([H])([H])[C@@]1([H])O[H],1,5.0,6.67
[H]c1c(C([H])([H])[H])c(C([H])([H])[H])n([H])c1C([H])([H])[H],2,4.0,6.75
[H]C([H])([H])[C@@]12O[C@]1([H])[C@]1([H])C([H])([H])[C@]1([H])C2([H])[H],1,4.0,9.67
[H]C1([H])C([H])([H])C1(C#N)[C@@]1([H])OC1([H])[H],1,6.0,7.91
[H]O[C@@]1([H])C(=O)[C@@]2(C([H])([H])[H])O[C@@]12[H],1,5.0,7.81
[H]N(C([H])([H])[H])[C@@]1([H])C([H])([H])[C@@]1(C#N)N([H])[H],1,5.0,6.59
[H]C([H])([H])[C@@]1([H])C([H])([H])[C@@]2([H])[C@@]3([H])C([H])([H])[C@]1([H])[C@@]23[H],1,4.0,9.82
[H][N-]C1O[C@@]([H])(C([H])([H])[H])C([H])([H])C1=O,1,6.0,6.5
[H]C1([H])O[C@@]12C([H])([H])[N@H+]1C([H])([H])[C@]12[H],1,5.0,9.41
[H]C([H])([H])C#CC([H])(C([H])([H])C([H])([H])[H])C([H])([H])C([H])([H])[H],1,5.0,5.46
[H]O[C@]1([H])C([H])([H])[C@]1(C([H])([H])[H])C([H])([H])C([H])([H])C([H])([H])[H],1,5.0,6.96
[H]C([H])([H])[C@]12C(=O)[C@]3([H])C([H])([H])[C@@]1([H])[C@]23[H],1,5.0,9.5
[H]C([H])([H])C([H])([H])[C@]12[N@@H+]3C([H])([H])[C@]([H])(C1([H])[H])[C@@]32[H],1,5.0,9.82
[H]C([H])([H])C([H])([H])C(=O)C([H])([H])[C@]1([H])OC1([H])[H],1,6.0,6.67
[H]C([H])([H])[C@@]1([H])[C@@]2([H])OC([H])([H])[C@]21C#N,1,5.0,7.91
[H]C#CC([H])([H])C(=O)C([H])([H])C([H])=O,1,4.0,4.81
[H]C1=NC([H])([H])C(=O)O1,2,5.0,5.67
[H]C([H])([H])[NH2+]C1O[C@]([H])(C([H])([H])[H])C([H])([H])C1([H])[H],1,6.0,6.96
[H]C([H])([H])C([H])([H])[C@]1([H])[C@]2([H])OC([H])([H])C([H])([H])[C@@]21[H],1,5.0,8.32
[H]OC([H])([H])C([H])([H])C1(OC([H])([H])[H])C([H])([H])C1([H])[H],1,5.0,6.82
[H][N-]C1OC([H])([H])C([H])([H])C([H])([H])C([H])([H])O1,1,5.0,6.67
[H]O[C@]([H])(C([H])([H])[H])[C@@]1(C([H])([H])[H])N([H])[C@@]1([H])C([H])([H])[H],1,5.0,6.89
[H]OC([H])([H])[C@]([H])(C([H])([H])[H])[C@@]([H])(O[H])C([H])([H])O[H],1,4.0,5.32
[H]C#Cc1nc([H])c(C([H])([H])[H])o1,2,6.0,6.2
[H]C([H])([H])C(=O)C(=O)C([H])([H])C([H])([H])[H],1,4.0,4.91
[H]N([H])C(=O)C([H])([H])C([H])([H])C([H])([H])OC([H])([H])[H],1,6.0,5.25
[H]C(=O)[C@]12N([H])[C@@]1([H])[C@@]1([H])C([H])([H])[C@@]21[H],1,6.0,9.41
[H]OC([H])([H])[C@@]([H])(C#CC([H])([H])[H])C([H])([H])[H],1,5.0,5.09
[H]C(=O)N([H])C1(C([H])([H])C([H])([H])[H])C([H])([H])C1([H])[H],1,6.0,6.75
[H]c1nc(C([H])([H])[H])c(N([H])[H])c([H])c1[H],2,6.0,6.5
[H]C1([H])O[C@@]2([H])C([H])([H])[C@@]2([H])OC1=O,1,6.0,7.81
[H]C#Cc1oc([H])c([H])c1N([H])[H],2,6.0,6.2
[H]C1([H])[C@@]2([H])[C@]1([H])[C@@]1([H])O[C@]2([H])C1([H])[H],2,5.0,9.41
[H]OC(=O)[C@]1([H])N([H])[C@]1([H])C([H])([H])N([H])[H],1,5.0,6.5
[H]C#C[C@@]1([H])O[C@]([H])(C([H])([H])[H])C([H])=C1[H],1,5.0,6.5
[H][N-]C1OC([H])([H])OC(=O)C1([H])[H],1,5.0,6.31
[H]C([H])([H])C#CC([H])([H])OC(=O)C([H])([H])[H],2,5.0,5.0
[H]C1([H])[N@@H+]2C([H])([H])[C@]2(C#N)C1([H])[H],1,5.0,7.81
[H]N([H])[C@]12[C@@H]3[NH2+]C([H])([H])[C@@]1([H])[C@@]2([H])O3,1,6.0,9.59
[H]C1([H])[C@@]2([H])[C@@]3([H])[C@@]4([H])[C@]1([H])[C@]2(C([H])([H])[H])[C@@]34[H],2,5.0,11.17
[H]O[C@]1([H])C(C([H])([H])[H])(C([H])([H])[H])[C@]1([H])C([H])=O,1,5.0,6.67
[H]OC(C([H])([H])[H])(C([H])([H])[H])C([H])([H])C1([H])C([H])([H])C1([H])[H],1,5.0,6.96
[H]/C(=N\c1nc([H])c([H])o1)N([H])[H],2,6.0,6.2
[H]C#C[C@@]1([H])C([H])([H])OC12C([H])([H])C2([H])[H],1,5.0,8.0
[H]N1C(=O)[C@]2([H])C([H])([H])C([H])([H])[C@@]1([H])C2([H])[H],1,5.0,8.09
[H]C(=O)[C@@]([H])(C(=O)C([H])([H])[H])C([H])([H])[H],1,4.0,4.91
[H]OC([H])([H])[C@]1(C([H])=O)O[C@]1([H])C([H])([H])[H],1,5.0,6.5
[H]N([H])c1noc(C([H])([H])[H])n1,2,6.0,6.08
[H]O[C@]1([H])[C@@]2([H])C([H])([H])C([H])([H])[C@]1([H])C2([H])[H],1,5.0,8.09
[H]C1([H])O[C@@]1([H])C([H])([H])[N@@H+]1C([H])([H])[C@]1([H])C([H])([H])[H],1,6.0,8.32
[H][C+]1[NH2+][C@@]2([H])[C@@]3([H])[NH2+][C+]([H])[N@@H+]1[C@@]23[H],2,5.0,9.67
[H]O[C@]1([H])C(=O)C([H])=C([H])N([H])C1([H])[H],1,7.0,6.41
[H]c1noc(C([H])([H])C([H])([H])[H])c1[H],1,6.0,6.31
[H]C([H])([H])C(C#N)(C([H])([H])[H])C([H])([H])[H],6,3.0,4.91
[H]C([H])([H])N1C(=O)C([H])([H])[C@]1([H])C([H])([H])C([H])([H])[H],1,5.0,6.75
[H]C#C[C@]1([H])C([H])([H])[C@]([H])(O[H])[C@]1([H])O[H],1,5.0,6.5
[H]N1C([H])([H])[C@]1([H])C([H])([H])OC([H])(C([H])([H])[H])C([H])([H])[H],1,6.0,6.89
[H][C+]1[NH2+][C@@]([H])([C@]2([H])N([H])C2([H])[H])C([H])([H])O1,1,6.0,8.17
[H]C1([H])O[C@@]2([H])C([H])([H])[C@@]2([H])[C@@]([H])(C([H])([H])[H])O1,1,5.0,8.17
[H]C(=O)/C(=N/C([H])([H])[H])N([H])[H],2,4.0,4.58
[H]C#C[C@@]([H])(C([H])([H])[H])C([H])([H])C([H])([H])C([H])=O,1,5.0,5.17
[H]OC([H])([H])C(=O)C([H])([H])C(=O)C([H])([H])[H],1,4.0,5.0
[H]C#C/C(=N/O[H])C([H])([H])O[H],1,5.0,4.58
[H]OC(C([H])([H])[H])(C([H])([H])[H])[C@@]1([H])[N@@H+](C([H])([H])[H])C1([H])[H],1,6.0,6.96
[H]O[C@]12C([H])([H])C([H])([H])[C@@]1([H])[C@@]1([H])O[C@]12[H],1,5.0,9.5
[H]O[C@@]1([H])[C@]2([H])[N@H+]3[C@@]([H])([C@]2([H])O[H])[C@]31[H],1,5.0,9.5
[H]C([H])([H])[C@]1([H])O[C@]2([H])C([H])([H])[C@]2([H])C1([H])[H],1,4.0,8.09
[H]C#C[C@@]1([H])[C@@]([H])(C([H])([H])[H])C([H])([H])[C@@]1([H])O[H],1,5.0,6.67
[H]C(=O)[C@]1([H])[NH2+][C+]([H])O[C@]1([H])C([H])([H])[H],1,7.0,6.59
[H]C([H])([H])C1(C([H])([H])[H])C(=O)[C@]2([H])O[C@]12[H],1,6.0,8.0
[H]C(=O)[C@]1([H])C([H])([H])[C@]2(C([H])([H])[H])N([H])[C@@]21[H],1,5.0,8.09
[H]C([H])([H])C([H])([H])C([H])([H])C([H])([H])C#CC#N,1,5.0,5.09
[H]N1[C@@]2([H])[C@]1([H])[C@@]1([H])[N@@H+](C([H])([H])[H])[C@]2([H])C1([H])[H],2,5.0,9.75
[H]Oc1nc([H])n(C([H])([H])[H])n1,2,5.0,6.08
[H]C#C[C@]1([H])O[C@]2([H])[C@]([H])(C([H])([H])[H])[C@@]21[H],1,5.0,8.0
[H]N1C([H])([H])[C@]12C([H])([H])[N@H+]1C([H])([H])[C@]12[H],1,4.0,9.5
[H]O[C@]12C([H])([H])[C@@]1([H])[C@]1([H])[C@]([H])(C([H])([H])[H])[C@]21[H],1,5.0,9.67
[H]C1([H])C(=O)[C@]2([H])O[C@]([H])(C([H])([H])[H])[C@]12[H],1,5.0,8.0
[H]N1[C@@]([H])(C([H])([H])[NH+]2C([H])([H])C2([H])[H])[C@@]1([H])C([H])([H])[H],1,5.0,8.39
[H]C([H])([H])[C@@]1([H])C([H])([H])[C@]12C(=O)OC2([H])[H],1,5.0,8.0
[H]Oc1c([H])c([H])c(N([H])[H])c([H])c1[H],2,5.0,6.41
[H]C(=O)n1nnc([H])n1,2,6.0,5.67
[H]O[C@]1([H])C([H])([H])C([H])([H])[C@]2([H])N([H])[C@@]21C([H])([H])[H],1,5.0,8.25
[H]C(=O)C([H])([H])[C@]1([H])C([H])([H])C1(C([H])([H])[H])C([H])([H])[H],1,5.0,6.82
[H]N([H])[C@@]([H])(C#N)C#CC#N,1,5.0,4.46
[H]C([H])([H])[C@@]1([H])C([H])([H])C([H])([H])[C@]2([H])C([H])([H])[C@@]1([H])C2([H])[H],1,4.0,8.46
[H][C+]([NH2+]C1([H])C([H])([H])C1([H])[H])OC([H])([H])[H],1,6.0,6.67
[H]N1C(=O)C([H])([H])[C@@]12C([H])([H])[C@]2([H])C([H])([H])[H],1,5.0,8.09
[H]OC(=O)C([H])([H])N([H])C([H])([H])C([H])([H])[H],1,4.0,5.0
[H]C([H])([H])O[C@@]1([H])C([H])([H])[C@@]2(C([H])([H])[H])O[C@]21[H],1,5.0,8.17
[H]O[C@]1([H])[C@]2([H])O[C@@]1([H])[C@@]21OC1([H])[H],2,4.0,9.31
[H]C1=C([H])[C@]2([H])C([H])([H])[C@@]1([H])C2(C([H])([H])[H])C([H])([H])[H],2,4.0,8.32
[H]N([H])C(=O)C([H])([H])C(=O)OC([H])([H])[H],1,5.0,4.91
[H]C1([H])O[C@@]([H])([C@]2([H])OC2([H])[H])C1=O,1,5.0,7.81
[H]Oc1c([H])c([H])c(N([H])C([H])([H])[H])n1[H],1,5.0,6.5
[H]C#CC([H])([H])C(=O)C([H])([H])C([H])([H])O[H],1,5.0,5.0
[H]C([H])([H])C(=O)[C@]1([H])[N@@H+](C([H])([H])[H])[C@@]1([H])C([H])([H])[H],1,6.0,6.82
[H]C(=O)N(C([H])=O)C([H])([H])C#N,2,5.0,4.58
[H]C([H])([H])[C@@]1([H])[C@]2([H])[C@]3([H])C([H])([H])[C@@]([H])(C3([H])[H])[C@]12[H],2,4.0,9.82
[H]c1nc(N([H])C([H])([H])[H])nc([H])c1[H],1,6.0,6.41
[H]O[C@]1([H])C([H])([H])[C@]1([NH+]1C([H])([H])C1([H])[H])C([H])([H])[H],1,7.0,8.32
[H]OC([H])([H])C(=O)C([H])([H])[C@]([H])(O[H])C([H])([H])[H],1,5.0,5.17
[H]Oc1c([H])c(O[H])n([H])c1N([H])[H],1,6.0,6.31
[H]OC([H])([H])[C@@]([H])(C#N)C([H])([H])C([H])([H])[H],1,4.0,5.0
[H]N1C(=O)N([H])[C@]2([H])C([H])([H])[C@]12[H],2,5.0,7.7
[H]C1=C2C([H])([H])C([H])([H])O[C@]2([H])OC1([H])[H],1,6.0,8.0
[H]c1nc(C([H])([H])[H])c([H])n1[H],2,5.0,6.08
[H]C#Cc1nc([H])c([H])c([H])c1[H],2,6.0,6.2
[H]O[C@@]1([H])C([H])([H])[C@]12OC([H])([H])C([H])([H])C2([H])[H],1,4.0,8.17
[H][C+]1[NH2+][C@@]([H])(C([H])([H])[H])[C@@]([H])(C([H])([H])[H])O1,1,6.0,6.67
[H]C(=O)C#C[C@]1([H])C([H])([H])[C@]1([H])C([H])([H])[H],1,6.0,6.5
[H]C(=O)C(C#N)(C([H])=O)C([H])([H])[H],1,4.0,4.7
[H]C1=C(C([H])([H])[H])[C@]([H])(C#N)C([H])([H])C1([H])[H],1,5.0,6.59
[H][N-]C1OC([H])([H])[C@]1([H])C([H])([H])C([H])([H])[H],1,5.0,6.59
[H]N1[C@]([H])(C#CC([H])([H])[H])[C@]1([H])C#N,1,6.0,6.31
[H]C(=O)[C@]1(C([H])([H])[H])C([H])([H])[C@@]([H])(C([H])([H])[H])C1([H])[H],1,5.0,6.82
[H]C#CC1=C([H])[C@@]2([H])O[C@]1([H])C2([H])[H],1,6.0,7.81
[H]O[C@@]1(C([H])([H])[H])C(=O)C([H])([H])OC1([H])[H],1,5.0,6.5
[H]O[C@@]1([H])C([H])([H])C2(C([H])([H])C2([H])[H])[C@@]1([H])C([H])([H])[H],1,4.0,8.32
[H]O[C@@]([H])(C#N)[C@@]1([H])[N@@H+](C([H])([H])[H])C1([H])[H],1,6.0,6.59
[H]C#C[C@]1([H])C([H])([H])O[C@]1([H])C([H])([H])O[H],1,5.0,6.5
[H][C+]1[NH2+][C@]2([H])C([H])([H])[C@]2(C([H])([H])C([H])([H])[H])O1,1,7.0,8.25
[H][N-]C1OC(=O)N=C([H])O1,1,5.0,5.96
[H]Oc1c(N([H])[H])c([H])n([H])c1O[H],2,6.0,6.31
[H]C#C[C@@](C([H])=O)(C([H])([H])[H])C([H])([H])C([H])([H])[H],1,5.0,5.17
[H]O[C@@]1(C([H])([H])[H])[C@]2([H])[C@]3([H])N([H])[C@]3([H])[C@]12[H],1,6.0,9.59
[H][N-]C1N(C([H])([H])C([H])([H])[H])C([H])=NC1([H])[H],1,6.0,6.67
[H]C(=O)C(=O)C#N,2,3.0,3.81
[H]C1=NC([H])([H])[C@@H]2[NH2+]C([H])([H])C([H])([H])N12,1,5.0,8.17
[H]C(=O)C(=O)C#CC([H])([H])C([H])([H])[H],2,5.0,4.81
[H]C#C[C@@]1([H])[C@@]2([H])[C@@]3([H])N([H])[C@@]3([H])[C@@]12[H],2,6.0,9.41
[H]OC([H])([H])[C@@]1([H])C([H])([H])C(=O)[C@@]1([H])C([H])([H])[H],1,5.0,6.67
[H]OC([H])([H])C([H])([H])C([H])([H])C1([H])C([H])([H])C([H])([H])C1([H])[H],1,5.0,6.96
[H]C([H])([H])[C@@]12C([H])([H])[N@H+]3C([H])([H])[C@]1(C([H])([H])[H])[C@]32[H],2,5.0,9.82
[H]C(=O)[C@]1([H])OC(=O)OC1([H])[H],1,5.0,6.08
[H]C([H])([H])[N@H+]1C([H])([H])[C@@]1([H])C([H])([H])[NH+]1C([H])([H])C1([H])[H],1,5.0,8.46
[H]OC(C#CC#N)(C([H])([H])[H])C([H])([H])[H],2,6.0,4.91
[H]C(=O)OC([H])([H])C([H])([H])C1([H])C([H])([H])C1([H])[H],1,6.0,6.67
[H]c1c(N([H])[H])nc(OC([H])([H])[H])n1[H],2,7.0,6.41
[H]c1nnn(C([H])([H])[H])n1,2,5.0,5.82
[H]O[C@]1([H])[C@]2([H])C([H])([H])O[C@]12C([H])([H])C([H])([H])[H],1,4.0,8.17
[H]OC([H])([H])C([H])(C([H])([H])O[H])C([H])([H])OC([H])([H])[H],2,4.0,5.32
[H]C1([H])[C@]2([H])O[C@@]1([H])[C@]1([H])C([H])([H])[C@@]2([H])C1([H])[H],2,4.0,9.67
[H]C1=C([H])[C@@]2([H])O[C+]([H])[NH2+][C@@]2([H])C1([H])[H],1,7.0,8.09
[H]C1([H])O[C@]2([H])[C@]3([H])C([H])([H])[C@@]1([H])C([H])([H])[C@]23[H],2,5.0,9.67
[H]C([H])([H])OC([H])([H])C([H])([H])C([H])([H])C([H])([H])OC([H])([H])[H],2,4.0,5.46
[H]C([H])([H])C([H])([H])C#C[C@@]([H])(C([H])([H])[H])C([H])([H])C([H])([H])[H],1,4.0,5.46
[H]O[C@@]1([H])C([H])([H])C([H])=C([H])[C@@]1([H])O[H],1,5.0,6.41
[H]C([H])([H])C([H])([H])[C@]1([H])OC(=O)C([H])([H])C1([H])[H],1,5.0,6.67
[H]N1[C@@]([H])([C@]2([H])OC2([H])[H])[C@@]1([H])C#N,1,6.0,7.81
[H]c1nc(C([H])([H])[H])oc(=O)n1,2,6.0,6.08
[H]C([H])([H])C([H])([H])C1([NH+]2C([H])([H])C2([H])[H])C([H])([H])C1([H])[H],1,6.0,8.46
[H]O[C@]1([H])[C@@]2([H])[N@@H+]3[C@@]2([H])[C@@]2([H])[C@]3([H])[C@@]12[H],1,6.0,11.0
[H]C(=O)[C@]1(C#N)N([H])C1([H])[H],1,5.0,5.96
[H]OC1(C([H])([H])C([H])([H])[H])C([H])([H])C([H])([H])C([H])([H])C1([H])[H],1,5.0,6.96
[H][N-]C1N([H])C(=O)C([H])([H])C([H])([H])C1([H])[H],1,5.0,6.59
[H]N1C(=O)C([H])([H])O[C@@]2([H])C([H])([H])[C@@]12[H],1,6.0,7.91
[H]O[C@]1([H])C([H])([H])[C@]1([H])OC([H])([H])C([H])([H])C([H])([H])[H],1,4.0,6.82
[H]Oc1nc(N([H])C([H])([H])[H])n([H])c1[H],2,6.0,6.41
[H]O[C@]1(C#N)C([H])([H])C([H])([H])[C@]1([H])N([H])[H],1,6.0,6.5
[H]C(=O)C1=C([H])N([H])[C@@]([H])(C([H])([H])[H])C1([H])[H],1,6.0,6.59
[H]C1=C(C([H])([H])[H])C([H])([H])N(C([H])([H])[H])C1=O,2,6.0,6.59
[H]O[C@]([H])(C([H])([H])[H])[C@@]1([H])C([H])([H])O[C@@]1([H])C([H])([H])[H],1,4.0,6.82
[H]O[C@@]12C([H])([H])[N@H+]3C([H])([H])[C@]1([H])C([H])([H])[C@]32[H],1,5.0,9.67
[H]c1nc([H])c(N([H])[H])c([H])c1[H],2,5.0,6.2
[H]C#C[C@]([H])(O[H])[C@]1([H])O[C@]1([H])C([H])([H])[H],1,5.0,6.5
[H]C1=C([H])[C@]2(N([H])[C@]2([H])C([H])([H])[H])C([H])([H])C1([H])[H],1,5.0,8.25
[H]C(=O)C([H])([H])C#C[C@]1([H])OC1([H])[H],1,6.0,6.31
[H]O[C@]1([C@]2([H])N([H])C2([H])[H])C([H])([H])[C@]1([H])C([H])([H])[H],1,6.0,8.25
[H]C1([H])C([H])([H])C2(OC([H])([H])[C@]2([H])C([H])([H])[H])C1([H])[H],1,5.0,8.32
[H]C#C[C@]([H])(O[H])[C@@]1([H])[N@@H+](C([H])([H])[H])C1([H])[H],1,6.0,6.67
[H]C#CC(=O)OC([H])([H])[H],2,4.0,4.32
[H]O[C@]([H])(C([H])([H])C([H])([H])[H])[C@@]1([H])O[C@@]1([H])C([H])([H])[H],1,5.0,6.82
[H]N([H])C([H])([H])c1nnnn1[H],2,6.0,6.08
[H]C1=C([H])C([H])([H])C([H])(C(=O)C([H])([H])[H])C1([H])[H],2,5.0,6.67
[H][N-][C@H]1OC([H])([H])[C@]([H])(O[H])C([H])=C1[H],1,5.0,6.5
[H]N1C([H])([H])[C@]1([H])C([H])([H])[N@@H+]1C([H])([H])[C@]1([H])C([H])([H])[H],1,4.0,8.39
[H]C(=O)[C@@]1(C#N)[N@@H+](C([H])([H])[H])C1([H])[H],1,6.0,6.41
[H]C1([H])OC([H])([H])C2(C1=O)C([H])([H])C2([H])[H],1,5.0,8.0
[H]O[C@]1([H])[C@]([H])(O[H])[C@]([H])(C([H])([H])[H])[C@]1([H])O[H],1,5.0,6.67
[H]C(=O)[C@@]1(C(=O)C([H])([H])[H])OC1([H])[H],1,5.0,6.31
[H]N([H])[C@@]1(C([H])([H])[H])C(=O)O[C@]1([H])C([H])([H])[H],1,6.0,6.59
[H]C#C[C@]([H])(O[H])C([H])([H])C([H])([H])O[H],1,4.0,4.91
[H]O[C@@]1([H])[C@@]2(C([H])([H])[H])C([H])=C([H])[C@]1([H])C2([H])[H],1,6.0,8.17
[H][N-]C1O[C@]([H])(C([H])([H])[H])C12C([H])([H])C2([H])[H],1,6.0,8.17
[H]C#C[C@@]([H])(O[H])C([H])([H])C#N,1,5.0,4.58
[H]C1([H])O[C@@]2(C([H])([H])[H])C([H])([H])[C@@]2([H])C1([H])[H],1,4.0,8.09
[H]OC([H])([H])[C@@]([H])(C#CC([H])([H])[H])O[H],1,4.0,4.91
[H]O[C@@]1([H])C(=O)[C@@]([H])(C([H])([H])[H])N([H])C1([H])[H],1,6.0,6.59
[H]C([H])([H])C([H])(C([H])([H])[H])C1([H])C([H])([H])C([H])([H])C1([H])[H],2,4.0,6.89
[H]C(=O)[C@]1([H])C([H])([H])[C@]1([H])C(=O)C([H])([H])[H],1,5.0,6.5
[H]C1([H])OC(=O)C2(C1([H])[H])C([H])([H])C2([H])[H],1,5.0,8.0
[H]C#CC([H])([H])C([H])([H])C#C[H],4,3.0,4.58
[H]O[C@]12[C@@]3([H])C([H])([H])[C@]4([H])[C@]([H])([C@]31[H])[C@@]42[H],1,5.0,11.0
[H]C#C[C@]1([H])OC(=O)C([H])([H])O1,1,5.0,6.08
[H]C#C[C@]1([H])O[C@]1([H])C([H])([H])C([H])([H])O[H],1,5.0,6.5
[H]O/N=C(\C([H])([H])[H])C([H])([H])C([H])([H])C([H])=O,1,5.0,5.09
[H]C(=O)c1c([H])nc([H])nc1[H],2,6.0,6.08
[H]O[C@]12C([H])([H])[N@@H+]3[C@]([H])(C1([H])[H])C([H])([H])[C@@]32[H],1,5.0,9.67
[H]C#CC(=O)C([H])([H])[NH+](C([H])([H])[H])C([H])([H])[H],2,6.0,5.17
[H]OC([H])([H])[C@@]([H])(O[H])[C@@]([H])(O[H])C([H])=O,1,4.0,5.0
[H]C1=C([H])[C@@]2([H])C([H])([H])[C@@]2([H])C([H])([H])OC1([H])[H],1,6.0,8.17
[H]C([H])([H])C(=O)C(C([H])([H])[H])(C([H])([H])[H])C([H])([H])[H],1,4.0,5.25
[H]C(=O)c1oc([H])c([H])c1N([H])[H],2,6.0,6.2
[H]N([H])C(=O)C([H])([H])OC([H])([H])C#N,1,5.0,4.81
[H]C#CC(=O)C(=O)C#C[H],4,4.0,4.32
[H][C-]1[C@@H]2C([H])([H])[C@@]3(C([H])([H])[H])[C@]2([H])[C@@]3([H])C1([H])[H],1,4.0,9.75
[H]C([H])([H])C(=O)C1(C([H])([H])[H])C([H])([H])C([H])([H])C1([H])[H],1,5.0,6.82
[H]N([H])[C@]1([H])C(=O)OC1([H])[H],1,4.0,5.96
[H]C#CC#CC(=O)N([H])[H],2,4.0,4.32
[H]C([H])([H])C1(C2(C([H])([H])[H])C([H])([H])C2([H])[H])C([H])([H])C1([H])[H],2,4.0,8.46
[H]C([H])([H])[NH2+][C@@H]1OC([H])([H])C([H])([H])C([H])([H])C1([H])[H],1,5.0,6.96
[H]O[C@@]12C([H])([H])[NH2+][C@H]3N([H])[C@]1([H])[C@]32[H],1,6.0,9.59
[H]OC([H])([H])[C@]1(C([H])([H])[H])C([H])([H])[C@@]1([H])C#N,1,5.0,6.59
[H]C([H])([H])C(=O)N1[C@]2([H])C([H])([H])[C@@]1([H])C2([H])[H],1,5.0,8.09
[H]C1=C([H])[C@@]2(C(=O)C1([H])[H])N([H])C2([H])[H],1,6.0,7.91
[H]O[C@]1([H])[C@]2([H])O[C@]2([H])[C@]1(O[H])C([H])([H])[H],1,4.0,8.0
[H]C#C[C@]1([H])C(=O)N([H])[C@]1([H])C([H])([H])[H],1,6.0,6.41
[H]C#C[C@@]([H])(C(=O)O[H])N([H])[H],1,5.0,4.58
[H]C([H])([H])[C@@]1([H])OC([H])([H])[C@@]2([H])O[C@@]12[H],1,3.0,7.91
[H]OC([H])([H])[C@@]12OC(=O)[C@]1([H])C2([H])[H],1,5.0,7.81
[H]C1([H])C(=O)C([H])([H])[C@]2(C([H])([H])[H])[N@H+]1C2([H])[H],1,5.0,8.17
[H]OC([H])([H])C([H])([H])C([H])([H])C#CC#N,2,6.0,4.91
[H]C1([H])C(=O)[C@]2([H])[C@]3([H])O[C@]3([H])[C@]12[H],1,6.0,9.31
[H]OC([H])([H])C(=O)C1([H])C([H])([H])C1([H])[H],2,5.0,6.41
[H]C(=O)[C@]([H])(C([H])([H])[H])[C@]1([H])N([H])C1([H])[H],1,5.0,6.5
[H]C#C[C@@](O[H])(C([H])([H])[H])C([H])([H])C([H])([H])C([H])([H])[H],1,5.0,5.32
[H]O[C@]([H])(C([H])([H])[H])[C@@]1([H])N([H])C1(C([H])([H])[H])C([H])([H])[H],1,5.0,6.89
[H]C(=O)[C@]1([H])O[C@]1([H])C([H])([H])C([H])([H])[H],1,5.0,6.41
[H]c1nc(C([H])([H])C([H])([H])C([H])([H])[H])n([H])c1[H],1,7.0,6.67
[H]O[C@@]1(C([H])([H])[H])[C@]2([H])C(=O)N([H])[C@@]21[H],1,6.0,7.91
[H][N-]C(OC([H])([H])C([H])([H])[H])C([H])([H])OC([H])([H])[H],1,4.0,5.32
[H]C1([H])C([H])([H])[C@]2([H])O[C@@]1([H])C2=O,2,5.0,7.7
[H]C1=C(C([H])([H])[H])C([H])([H])[C@]2([H])C([H])([H])[C@@]1([H])C2([H])[H],2,5.0,8.32
[H]O[C@](C([H])=O)(C([H])([H])[H])[C@]([H])(O[H])C([H])([H])[H],1,4.0,5.17
[H]C1([H])OC(=O)C([H])([H])C([H])([H])C1([H])[H],1,4.0,6.41
[H]C([H])([H])C([H])([H])C1([H])C([H])([H])C(C([H])([H])[H])(C([H])([H])[H])C1([H])[H],2,4.0,7.08
[H][N-][C+]([H])OC([H])([H])C1([H])C([H])([H])OC1([H])[H],2,5.0,6.59
[H]OC([H])([H])[C@@]1([H])OC(C([H])([H])[H])[NH2+]C1([H])[H],1,5.0,6.82
[H]C#C[C@]([H])(O[H])C1(C([H])([H])[H])C([H])([H])C1([H])[H],1,5.0,6.67
[H][C@]12[NH+]3[C@]4([H])[C@@]1([H])[NH+]1[C@@]2([H])[C@@]3([H])[C@@]14[H],12,4.0,12.5
[H]O[C@@]1([H])C([H])([H])[C@@]2([H])OC([H])([H])[C@]1([H])C2([H])[H],1,4.0,8.17
[H]c1nn([H])c([H])c1C([H])([H])[H],2,5.0,6.08
[H]O[C@@]1([H])C([H])([H])C([H])([H])C([H])([H])[C@@]2([H])C([H])([H])[C@]21[H],1,4.0,8.32
[H]C(=O)C#CC([H])([H])[H],2,3.0,4.17
[H]c1nc(N(C([H])([H])[H])C([H])([H])[H])c([H])n1[H],1,6.0,6.59
[H]C#C[C@@]1([H])N([H])C12C([H])([H])C([H])([H])C2([H])[H],1,5.0,8.09
[H]O[C@@]1([H])C([H])([H])[C@@]2([H])C([H])([H])OC([H])([H])[C@]21[H],1,4.0,8.17
[H]C1=N[C@]2([H])[C@]([H])(C([H])([H])O1)[C@]2([H])C([H])([H])[H],1,7.0,8.09
[H][C-]1[C@H]2C([H])([H])O[C@]3([H])[C@@]2([H])[C@]3([H])C1([H])[H],1,4.0,9.59
[H]C([H])([H])C1([H])C(C([H])([H])[H])(C([H])([H])[H])C1(C([H])([H])[H])C([H])([H])[H],2,3.0,7.08
[H]C#C[C@@]([H])(C(=O)OC([H])([H])[H])N([H])[H],1,6.0,4.91
[H]N1C(=O)C([H])([H])[C@@]2([H])C([H])([H])C([H])([H])[C@@]12[H],1,5.0,8.09
[H]C([H])([H])C([H])([H])[C@]([H])(C#CC#N)C([H])([H])[H],1,5.0,5.09
[H]C(=O)C([H])([H])[NH+](C([H])([H])[H])C([H])([H])[H],2,4.0,5.0
[H][N-]C1O[C@]([H])(C([H])([H])[H])OC1=O,1,5.0,6.31
[H]C1([H])[N@@H+]2[C@]3([H])[C@@]1([H])[C@]([H])(C([H])([H])[H])[C@]23C([H])([H])[H],1,5.0,9.82
[H]C([H])([H])[C@@]1([H])[C@@]2([H])O[C@@]2([H])[C@@]1([H])C([H])([H])[H],2,5.0,8.09
[H]C([H])(C#N)C1([H])C([H])([H])C([H])([H])C1([H])[H],2,4.0,6.5
[H]O[C@]1([H])C([H])([H])[C@]1([H])[C@@]1(C([H])([H])[H])OC1([H])[H],1,4.0,8.17
[H]C([H])([H])C(=O)C1([H])OC([H])([H])C([H])([H])O1,1,5.0,6.5
[H]OC([H])([H])[C@]1([H])OC([H])([H])[C@]([H])(C([H])([H])[H])O1,1,4.0,6.67
[H]C([H])([H])C([H])([H])N1C(=O)C([H])([H])[C@]1([H])C([H])([H])[H],1,5.0,6.75
[H]Oc1c([H])c([H])n(C([H])([H])[H])c1N([H])[H],2,6.0,6.5
[H]OC([H])([H])[C@]1([H])[C@]([H])(C([H])([H])[H])[N@@H+]2C([H])([H])[C@@]21[H],1,6.0,8.32
[H][N-]C1OC2(C([H])([H])OC2([H])[H])C1([H])[H],1,4.0,8.0
[H][N-]C1OC([H])([H])C2(C1([H])[H])C([H])([H])C2([H])[H],1,5.0,8.17
[H]N([H])C(=O)C1(C([H])([H])C([H])([H])[H])C([H])([H])C1([H])[H],1,5.0,6.75
[H]O[C@]1([H])[C@]([H])(C([H])([H])[H])[C@]1([H])C([H])([H])C#N,1,5.0,6.59
[H]C([H])([H])C(=O)C#CC(=O)C([H])([H])[H],4,4.0,4.81
[H]C([H])([H])[C@@]1([H])C([H])([H])[C@]2([H])[C@@]1([H])O[C@]2([H])C([H])([H])[H],1,5.0,8.32
[H]C#CC([H])([H])C([H])(C([H])=O)C([H])=O,2,5.0,4.81
[H]Oc1c([H])c(N([H])[H])nn1[H],2,6.0,6.08
[H]C([H])([H])[N@H+]1C([H])([H])[C@@]1([H])C([H])([H])C#N,1,5.0,6.5
[H]C(=O)C([H])([H])C([H])([H])C([H])=O,2,3.0,4.58
[H]C1=C(C([H])([H])[H])[C@@]2(N([H])C2([H])[H])C([H])([H])C1([H])[H],1,5.0,8.25
[H]C([H])([H])C(=O)[C@@]1([H])C([H])([H])[C@@]1([H])C#N,1,5.0,6.41
[H]OC1([H])C([H])([H])C([H])([H])C([H])([H])C([H])([H])C([H])([H])C1([H])[H],1,5.0,6.96
[H]O[C@]1([H])C([H])([H])[N@@H+]2C([H])([H])[C@]2([H])C([H])([H])C1([H])[H],1,5.0,8.32
[H]C#C[C@@]1([H])[NH2+]C(N([H])[H])OC1([H])[H],1,7.0,6.59
[H][N-][C+]([H])OC([H])([H])C(=O)N([H])C([H])([H])[H],1,6.0,5.0
[H][N-]C1OC([H])([H])C([H])=C1C([H])([H])C([H])([H])[H],1,6.0,6.67
[H]C([H])([H])[C@@]12O[C@]1([H])[C@]1([H])C([H])([H])[C@@]12C([H])([H])[H],1,4.0,9.67
[H]C([H])([H])C([H])([H])O[C@]1([H])C(=O)C([H])([H])C1([H])[H],1,6.0,6.67
[H]C1([H])C(=O)N2C([H])([H])[C@]2([H])C([H])([H])C1([H])[H],1,5.0,8.09
[H]C(=O)C([H])([H])C(=O)N(C([H])([H])[H])C([H])([H])[H],1,5.0,5.09
[H]N([H])C(=O)[C@]1([H])C([H])([H])C([H])([H])[C@]1([H])C([H])([H])[H],1,5.0,6.75
[H]C([H])([H])C1=C(C([H])([H])[H])[C@@]2([H])O[C@@]2([H])C1([H])[H],1,6.0,8.17
[H]O[C@]1([H])C([H])([H])[C@]([H])(O[H])C1([H])[H],2,3.0,6.31
[H]O[C@]1(C([H])([H])[H])C([H])([H])[C@@]1([H])C1([H])C([H])([H])C1([H])[H],1,4.0,8.32
[H]C#CC(=O)O[C@H]([N-][H])C([H])([H])[H],1,5.0,4.81
[H][C+]([NH2+]C([H])([H])C(=O)C([H])([H])[H])OC([H])([H])[H],2,6.0,5.25
[H]OC([H])([H])C([H])([H])[C@@]1([H])C([H])([H])[C@@]1([H])O[H],1,4.0,6.59
[H]Oc1c(N([H])[H])nc([H])n1C([H])([H])[H],2,7.0,6.41
[H]C([H])([H])C([H])([H])OC(=O)N1C([H])([H])C1([H])[H],1,7.0,6.59
[H]C#CC1(OC([H])([H])[H])C([H])([H])OC1([H])[H],2,5.0,6.5
[H]C(=O)N([H])C([H])([H])C1([H])C([H])([H])C1([H])[H],1,5.0,6.5
[H]Oc1c([H])c(N([H])C([H])([H])[H])c([H])n1[H],1,5.0,6.5
[H]C(=O)O[C@@]1([H])C([H])([H])[C@@]2([H])O[C@@]12[H],1,5.0,7.81
[H]O[C@@]1([H])C([H])([H])[C@@]1([H])O[H],1,3.0,5.96
[H]C1([H])[N@@H+]2C([H])([H])[C@]2([H])C([H])([H])[C@]1([H])C#N,1,5.0,8.09
[H]N1[C@@]2([H])[C@]1([H])[C@@]1([H])C([H])([H])OC([H])([H])[C@@]21[H],2,6.0,9.59
[H]C1([H])OC([H])([H])[C@]([H])(C([H])([H])[H])O1,1,3.0,6.31
[H]C1([H])O[C@]2(C([H])([H])O[C@]2([H])C([H])([H])[H])C1([H])[H],1,4.0,8.17
[H]C1=C([H])[C@@]2([H])O[C@]1([H])C([H])([H])C2([H])[H],2,5.0,7.91
[H]OC([H])([H])[C@]([H])(C([H])([H])[H])[C@]([H])(C#N)C([H])([H])[H],1,5.0,5.25
[H]C(=O)[C@@]12N([H])C(=O)[C@]1([H])C2([H])[H],1,6.0,7.7
[H][N-]C1=C([H])C(N([H])[H])C(=O)N1[H],1,6.0,6.31
[H]C1([H])O[C@]([H])(C([H])([H])[H])C2(C1([H])[H])C([H])([H])C2([H])[H],1,5.0,8.32
[H][N-]c1nc([H])[n+]([H])c([H])c1O[H],2,6.0,6.2
[H]C#CC1=C([H])[C@@]([H])(C([H])([H])[H])C([H])([H])C1([H])[H],1,5.0,6.67
[H]C(=O)[C@@]1([H])C([H])=C([H])[C@@]2([H])C([H])([H])[C@@]12[H],1,6.0,8.0
[H]C([H])([H])[N@@H+]1[C@]2([H])[C@]3([H])O[C@]3([H])C([H])([H])[C@]12[H],1,7.0,9.67
[H]N(C(=O)N(C([H])([H])[H])C([H])([H])C([H])([H])[H])C([H])([H])[H],1,5.0,5.32
[H]O[C@@]1(C([H])([H])[H])[C@]2([H])C(=O)C([H])([H])[C@@]21[H],1,6.0,8.0
[H][C+]([NH2+]C([H])([H])C([H])([H])C([H])([H])C([H])([H])[H])OC([H])([H])[H],1,6.0,5.52
[H]Oc1oc([H])nc(=O)c1[H],2,7.0,5.96
[H]O[C@]1([H])C([H])([H])C([H])([H])[C@]2(C([H])([H])[H])N([H])[C@@]21[H],1,5.0,8.25
[H][C+]([NH2+]C([H])([H])[H])OC([H])([H])[C@]1([H])OC1([H])[H],1,6.0,6.75
[H]O[C@@]1([H])C([H])([H])OC12C([H])([H])C([H])([H])C2([H])[H],1,5.0,8.17
[H]OC1(C([H])=O)C([H])([H])C([H])=C([H])C1([H])[H],2,6.0,6.5
[H]O[C@@]1([H])[C@@]([H])(O[H])[C@@]2([H])O[C@@]12[H],1,3.0,7.7
[H]O[C@@]12C([H])([H])[C@]3([H])C([H])([H])[C@]3([H])[C@]1([H])C2([H])[H],1,5.0,9.67
[H]OC1(C([H])([H])C([H])([H])C([H])([H])[H])C([H])([H])C1([H])[H],1,4.0,6.75
[H]C1=C(C([H])([H])[H])[C@]2([H])N([H])[C@]2([H])C1([H])[H],1,5.0,8.0
[H]N([H])[C@@]([H])(C#N)C([H])([H])OC([H])([H])[H],1,5.0,4.91
[H]C#C[C@@]1(C([H])([H])OC([H])([H])[H])N([H])C1([H])[H],1,6.0,6.59
[H]C#CC([H])([H])n1c([H])nc([H])c1[H],1,7.0,6.31
[H]c1oc(C([H])([H])C([H])([H])[H])c(C([H])([H])[H])c1[H],1,5.0,6.67
[H]C([H])([H])C([H])(C#N)C#N,2,3.0,4.32
[H]c1nnc(N([H])[H])nc1[H],1,6.0,5.96
[H]C#C[C@]1([H])N([H])C(=O)C1([H])[H],1,5.0,6.08
[H]C([H])([H])C([H])([H])C([H])([H])[C@@]1([H])C([H])([H])[C@@]1([H])C#N,1,5.0,6.75
[H]OC([H])([H])[C@]([H])(O[H])C([H])([H])C([H])([H])OC([H])([H])[H],1,4.0,5.32
[H]/N=C(/C#N)N([H])[H],1,3.0,4.0
[H]C(=O)c1c(C([H])([H])[H])c([H])n([H])c1[H],2,5.0,6.41
[H]c1nc(C([H])([H])[H])nc(C([H])([H])[H])c1[H],1,5.0,6.5
[H][N-]C1OC([H])=NC([H])=C1N([H])[H],1,7.0,6.31
[H]c1c([H])c([H])n(C([H])([H])[H])c1[H],2,4.0,6.2
[H]C(=O)[C@]1([H])[C@]2([H])C([H])([H])C([H])([H])[C@]12C([H])([H])[H],1,4.0,8.17
[H]C([H])([H])OC(C#N)(C([H])([H])[H])C([H])([H])[H],2,5.0,5.0
[H]C(=O)C([H])([H])C([H])([H])OC(=O)C([H])([H])[H],1,5.0,5.0
[H]O[C@@]1([H])C([H])([H])C([H])([H])[N@@H+]2[C@@]1([H])[C@]2([H])C([H])([H])[H],1,6.0,8.32
[H]C1([H])O[C@@]12C([H])([H])O[C@@]1([H])C([H])([H])[C@@]21[H],1,5.0,9.5
[H]C(=O)N1[C+]([H])[NH2+][C@@]2([H])C([H])([H])[C@@]12[H],1,6.0,8.0
[H]c1nc([H])c(F)c([H])n1,4,5.0,5.82
[H]C1([H])[C@@]2([H])C(=O)[C@]3(C([H])([H])[H])[N@H+]2[C@]13[H],1,5.0,9.5
[H]C(=O)C1(C([H])([H])[H])C([H])([H])C([H])([H])C([H])([H])C1([H])[H],2,5.0,6.82
[H]C1([H])[C@]2([H])O[C@]([H])(C#N)O[C@]12[H],2,6.0,7.7
[H]C1=C([H])C([H])([H])n2c1nc([H])c2[H],2,7.0,7.81
[H]O[C@@]1([H])C(C([H])([H])[H])=C([H])[C@@]([H])(C([H])([H])[H])C1([H])[H],1,5.0,6.82
[H]C(=O)N1[C@]([H])(C#N)[C@]1([H])C([H])([H])[H],1,6.0,6.31
[H]Oc1c([H])c([H])n([H])c1C#N,2,6.0,6.08
[H]O[C@]([H])(C([H])([H])C([H])([H])[H])C([H])([H])C([H])(C([H])([H])[H])C([H])([H])[H],1,4.0,5.58
[H]C1([H])O[C@@]2([H])C([H])([H])[C@@]2([H])C([H])([H])C1=O,1,5.0,8.0
[H]C#C[C@@]1(C([H])([H])[H])C([H])([H])[C@]1([H])C([H])([H])[H],1,4.0,6.59
[H]C1([H])O[C@@]2([H])C(=O)[C@@]([H])(O1)C2([H])[H],2,5.0,7.81
[H]N1C(=O)C([H])([H])O[C@@]([H])(C([H])([H])[H])C1([H])[H],1,5.0,6.59
[H]C([H])([H])[C@@]12O[C@]3([H])C([H])([H])[C@]3([H])[C@]1([H])C2([H])[H],1,5.0,9.67
[H]C1([H])[N@@H+]2[C@]([H])([C@@]3([H])O[C@@]13[H])[C@]2([H])C([H])([H])[H],1,6.0,9.67
[H]Oc1nc(N([H])[H])c([H])c([H])c1[H],1,6.0,6.31
[H]O[C@@]12C([H])([H])C([H])([H])C([H])([H])[C@]1([H])C([H])([H])C2([H])[H],1,4.0,8.32
[H]N(C(=O)C([H])([H])C([H])([H])C#N)C([H])([H])[H],1,6.0,5.0
[H]OC([H])([H])C([H])([H])C#C[C@]([H])(O[H])C([H])([H])[H],1,5.0,5.17
[H]OC([H])([H])[C@]1([H])N([H])[C@]1(C([H])=O)C([H])([H])[H],1,5.0,6.59
[H]O[C@]1([H])C(=O)OC([H])([H])C([H])([H])C1([H])[H],1,5.0,6.5
[H]N1[C@@]([H])(C([H])([H])[H])C([H])([H])C([H])([H])[C@]1([H])C#N,1,5.0,6.67
[H]C([H])([H])C([H])([H])C(=O)C([H])([H])C([H])([H])C([H])([H])[H],1,4.0,5.25
[H]OC([H])([H])C([H])([H])c1nc([H])n([H])c1[H],1,7.0,6.5
[H]c1c([H])c2n(c1[H])C([H])([H])C([H])([H])O2,2,7.0,7.91
[H]OC(=O)C([H])([H])C([H])([H])N([H])C([H])([H])C([H])([H])[H],2,5.0,5.25
[H]Oc1c(C([H])([H])[H])c(C([H])([H])[H])n([H])c1[H],2,5.0,6.59
[H]C#C[C@@]([H])(OC([H])([H])C([H])([H])C([H])([H])[H])C([H])([H])[H],1,5.0,5.32
[H]OC([H])([H])C(=O)C([H])([H])C([H])([H])C#N,2,5.0,4.91
[H]N1C(=O)C([H])([H])[C@]2([H])C([H])([H])[C@@]1([H])C2([H])[H],2,5.0,8.09
[H]O[C@@]1([H])[C@@]2([H])O[C@@]2([H])[C@]12OC2([H])[H],1,4.0,9.31
[H]C([H])(C#N)C(=O)C#N,1,4.0,4.17
[H]C1([H])OC([H])([H])C1([H])C([H])([H])C1([H])C([H])([H])C1([H])[H],1,6.0,8.32
[H]C([H])([H])O[C@]1([H])O[C@]([H])(C([H])([H])[H])C([H])([H])C1([H])[H],1,5.0,6.82
[H]C(=O)N(/C(=N/C([H])([H])[H])N([H])[H])C([H])([H])[H],2,6.0,5.09
[H]C1=C([H])[C@@]2([H])O[C@]1([H])[C@@]21N([H])C1([H])[H],1,7.0,9.41
[H]C#CC([H])([H])[C@]1([H])OC([H])([H])C([H])([H])C1([H])[H],1,5.0,6.67
[H]N1[C@@]2([H])[C@]1([H])[C@@]1([H])C(=O)[C@]2([H])C1([H])[H],2,6.0,9.41
[H]N([H])/C(=N\C([H])([H])[H])C(=O)C([H])([H])C([H])([H])[H],2,6.0,5.17
[H][C+]1[NH2+][C@]2([H])C([H])([H])[C@]2(C([H])([H])[H])O1,1,6.0,8.0
[H]O[C@]1([H])C(C([H])([H])[H])=C(C([H])([H])[H])C([H])([H])C1([H])[H],1,5.0,6.82
[H]O[C@@]1(C([H])([H])[H])C([H])([H])[N@@H+]2[C@@]1([H])[C@]2([H])C([H])([H])[H],1,6.0,8.32
[H]N(C(=O)C1([H])C([H])([H])C([H])([H])C1([H])[H])C([H])([H])[H],1,6.0,6.75
[H]OC(C#N)[NH2+]C([H])([H])C([H])([H])N([H])[H],1,5.0,5.17
[H]N1[C@@]2(C#N)[C@@]([H])(C([H])([H])[H])C([H])([H])[C@@]12[H],1,5.0,8.0
[H]ON[C@@H]1C([H])([H])O[C@@]2([H])C([H])([H])[C@@]12[H],1,6.0,8.09
[H]N1C(=O)[C@]2(C([H])([H])[H])C([H])([H])[C@@]1([H])C2([H])[H],2,5.0,8.09
[H]O[C@@](C#N)(C([H])([H])N([H])[H])C([H])([H])C([H])([H])[H],1,5.0,5.17
[H]N1C(=O)C([H])([H])[C@]1([H])C([H])([H])OC([H])([H])[H],1,6.0,6.59
[H]O[C@]([H])(C([H])([H])[H])[C@@]1([H])C([H])([H])[C@@]2([H])N([H])[C@@]12[H],2,6.0,8.25
[H]C#CC([H])([H])[C@@]([H])(C(=O)C([H])([H])[H])C([H])([H])[H],1,5.0,5.17
[H]C([H])([H])C([H])([H])[C@@]1([H])[C@]2([H])[N@@H+]3[C@@]1([H])C([H])([H])[C@@]32[H],1,6.0,9.82
[H]C1=C([H])[C@]2([H])OC([H])([H])[C@]2([H])OC1([H])[H],1,4.0,8.0
[H]OC([H])([H])[C@@]1(C([H])(C([H])([H])[H])C([H])([H])[H])N([H])C1([H])[H],1,5.0,6.89
[H]C1=C([H])[C@@]2([H])[N@H+]3[C@]1([H])C(=O)[C@]32[H],1,6.0,9.31
[H][N-][C@@H]1OC(C([H])([H])[H])(C([H])([H])[H])[C@]1([H])O[H],1,5.0,6.67
[H]N1[C@]2([H])[C@@]1(C([H])([H])[H])[C@]1([H])N([H])[C@@]12C([H])([H])[H],2,4.0,9.67
[H]c1oc(NC([H])([H])[H])[n+](C([H])([H])[H])c1[H],2,6.0,6.59
[H]O[C@]12C(=O)O[C@]([H])(C1([H])[H])C2([H])[H],2,5.0,7.81
[H]C([H])([H])OC([H])([H])C([H])([H])C(=O)C([H])([H])C([H])([H])[H],1,5.0,5.32
[H]c1nc(C([H])([H])C([H])([H])[H])n([H])c1[H],1,6.0,6.41
[H]OC([H])([H])[C@]1([H])C([H])([H])C([H])=C([H])[C@]1([H])C([H])([H])[H],1,5.0,6.82
[H]OC([H])([H])[C@]([H])(O[H])[C@]1([H])O[C@]1([H])C([H])([H])[H],1,4.0,6.67
[H]OC(=O)[C@]([H])(C([H])([H])O[H])C([H])([H])N([H])[H],1,5.0,5.09
[H]N1C([H])([H])[C@]12[C@@]1([H])[N@@H+](C([H])([H])[H])[C@]2([H])C1([H])[H],1,6.0,9.75
[H]C#C[C@@]([H])(C#N)C([H])=O,1,5.0,4.32
[H]c1nn([H])c([H])c1OC([H])([H])[H],2,6.0,6.2
[H]C1([H])C([H])([H])[C@]2([H])[C@@]1([H])C([H])([H])[C@]1([H])O[C@]21[H],1,5.0,9.67
[H]C([H])([H])C1(C([H])([H])[H])C([H])([H])[C@@]2([H])C([H])([H])[C@@]2([H])C1([H])[H],2,4.0,8.46
[H]O[C@]12C([H])([H])[C@@]1(C([H])([H])[H])[C@]1([H])N([H])[C@@]12[H],1,6.0,9.59
[H]Oc1nc(N([H])[H])nc([H])c1[H],2,6.0,6.2
[H]C#C[C@@]([H])(C(=O)C([H])=O)C([H])([H])[H],1,5.0,4.81
[H]C([H])([H])[C@]1([H])O[C@]([H])(C([H])([H])[H])C([H])([H])C1([H])[H],1,4.0,6.75
[H]OC([H])([H])[C@]([H])(OC([H])([H])C([H])([H])[H])C([H])=O,1,4.0,5.17
[H]C([H])([H])C([H])([H])[C@]1([H])[C@]([H])(C([H])([H])[H])O[C@]1([H])C([H])([H])[H],1,4.0,6.96
[H]OC([H])([H])[C@]1([H])OC([H])=NC([H])([H])C1([H])[H],1,6.0,6.59
[H]C([H])([H])C([H])([H])C([H])([H])OC(C([H])([H])[H])(C([H])([H])[H])C([H])([H])[H],1,5.0,5.58
[H]O[C@]1([H])[C@]2([H])C([H])([H])OC([H])([H])[C@]12C([H])([H])[H],1,4.0,8.17
[H]C1=C(N([H])[H])C([H])([H])[C@]([H])(C([H])([H])[H])C1=O,1,6.0,6.59
[H]C#C[C@]1([H])C([H])([H])[C@]1([H])C(=O)N([H])[H],1,6.0,6.41
[H]C#CC([H])([H])C([H])([H])C#CC([H])([H])C([H])([H])[H],1,4.0,5.17
[H]Oc1nc([H])n([H])c1OC([H])([H])[H],2,6.0,6.31
[H]C([H])([H])[NH2+]C1OC(=O)OC1([H])[H],1,6.0,6.5
[H]C1=C([H])[C@]2([H])O[C@]2([H])C([H])([H])OC1([H])[H],1,5.0,8.0
[H]C#C[C@]([H])(C([H])([H])[H])[C@]([H])(C#N)N([H])[H],1,5.0,5.0
[H]C1=C([H])[C@@]2(C([H])([H])[H])C([H])([H])[C@@]2(C([H])([H])[H])C1([H])[H],1,4.0,8.32
[H]OC([H])([H])C#CC(C([H])([H])[H])(C([H])([H])[H])C([H])([H])[H],1,5.0,5.32
[H]OC([H])([H])[C@]1(C#N)N([H])[C@]1([H])C([H])([H])[H],1,5.0,6.5
[H]C([H])([H])[N@@H+]1C([H])([H])C([H])([H])C(=O)[C@@]1([H])C([H])([H])[H],1,6.0,6.82
[H]C1([H])OC(=O)C2(O1)C([H])([H])C2([H])[H],2,5.0,7.81
[H]C(=O)C#CC([H])([H])OC([H])([H])[H],1,5.0,4.7
[H]C#C[C@]([H])(O[H])[C@@]1(C([H])([H])[H])N([H])C1([H])[H],1,5.0,6.59
[H]O/N=C(\C([H])([H])O[H])C([H])([H])C([H])([H])O[H],1,5.0,5.09
[H]OC([H])([H])[C@]1([H])N=C([H])OC([H])([H])C1([H])[H],1,6.0,6.59
[H]C1([H])O[C@]2([H])C([H])([H])[C@]([H])(O1)C2([H])[H],4,4.0,7.91
[H][N-]c1nc([H])[n+]([H])c(O[H])n1,2,5.0,6.08
[H]C#CC(=O)C([H])([H])C([H])(C([H])([H])[H])C([H])([H])[H],2,5.0,5.17
[H]C([H])([H])C([H])([H])[C@@]1([H])OC([H])([H])[C@@]1([H])C#N,1,5.0,6.59
[H]OC([H])([H])[C@]1([H])[N@@H+]2C([H])([H])[C@]([H])(O[H])[C@@]21[H],1,5.0,8.17
[H]C1=NC([H])=C([H])OC1[NH2+]C([H])([H])[H],1,7.0,6.59
[H]C#C[C@]1([H])C([H])([H])O[C@]1([H])C([H])=O,1,6.0,6.31
[H]O[C@]1([H])C(=O)OC([H])([H])[C@]1([H])C([H])([H])[H],1,5.0,6.5
[H]N1[C@@]2([H])[C@]3(C([H])([H])[H])O[C@@]2([H])C([H])([H])[C@]13[H],1,5.0,9.59
[H]C([H])([H])C(OC1([H])C([H])([H])C1([H])[H])(C([H])([H])[H])C([H])([H])[H],1,5.0,6.96
[H]C([H])([H])OC(=O)C([H])([H])C1([H])C([H])([H])C1([H])[H],1,6.0,6.67
[H]C#C[C@@]12N([H])[C@]1([H])C([H])([H])[C@]2([H])O[H],1,6.0,7.91
[H]O[C@]1([H])C([H])([H])[C@@]2(C([H])([H])[H])N([H])[C@]21C([H])([H])[H],1,5.0,8.25
[H]C([H])([H])O[C@@]([H])(C([H])([H])[H])C([H])([H])C#N,1,5.0,5.0
