mol_index,smiles,assembly_index,current_pg,current_order,trusted_pg,trusted_order,tolerance,exact_label_match,order_match,order_abs_delta,current_pg_coarse,trusted_pg_coarse,coarse_label_match,coarse_order_match
27499,[H]C([H])([H])c1nc(C([H])([H])[H])nc(C([H])([H])[H])n1,4.0,Cs,2,C3h,6,0.5,False,False,4,LOW_SYM,C3h,False,False
131,[H]C([H])([H])C([H])([H])C([H])([H])C([H])([H])C([H])([H])[H],2.0,C1,1,C2v,4,0.5,False,False,3,LOW_SYM,C2v,False,False
36504,[H]C1([H])OC([H])([H])[C@]23O[C@]12C([H])([H])OC3([H])[H],5.0,C1,1,C2v,4,0.5,False,False,3,LOW_SYM,C2v,False,False
55340,[H]C([H])([H])C(=O)C([H])([H])C([H])([H])C([H])([H])C(=O)C([H])([H])[H],4.0,C1,1,C2v,4,0.5,False,False,3,LOW_SYM,C2v,False,False
121591,[H]C([H])([H])OC([H])([H])C([H])([H])C([H])([H])C([H])([H])C([H])([H])OC([H])([H])[H],4.0,C1,1,C2v,4,0.5,False,False,3,LOW_SYM,C2v,False,False
3863,O=c1nnonn1,4.0,C2v,4,Cs,2,0.5,False,False,2,C2v,LOW_SYM,False,False
4293,[H]c1nc([H])c(C([H])([H])[H])c([H])c1C([H])([H])[H],5.0,C2,2,C2v,4,0.5,False,False,2,C2,C2v,False,False
28237,[H]c1c([H])c(N([H])[H])c([H])c([H])c1C#N,6.0,C2v,4,Cs,2,0.5,False,False,2,C2v,LOW_SYM,False,False
130502,[H]c1c(F)c([H])c(N([H])[H])c([H])c1N([H])[H],5.0,C2v,4,C2,2,0.5,False,False,2,C2v,C2,False,False
25956,[H]c1nc([H])c(N(C([H])([H])[H])C([H])([H])[H])c([H])n1,7.0,Cs,2,C2v,4,0.5,False,False,2,LOW_SYM,C2v,False,False
450,[H]N1C(=O)N([H])C([H])([H])C1([H])[H],4.0,C2v,4,C2,2,0.5,False,False,2,C2v,C2,False,False
28490,[H]c1c([H])c(C([H])([H])[H])c(N([H])[H])c(C([H])([H])[H])c1[H],5.0,C2v,4,Cs,2,0.5,False,False,2,C2v,LOW_SYM,False,False
42743,[H]C1([H])C(=O)[C@]2([H])C([H])([H])[C@]([H])(C1=O)C2([H])[H],4.0,C2v,4,Cs,2,0.5,False,False,2,C2v,LOW_SYM,False,False
5662,[H]c1c2c(c([H])n1[H])OC([H])([H])O2,5.0,C2v,4,Cs,2,0.5,False,False,2,C2v,LOW_SYM,False,False
23446,[H]c1nc(N([H])[H])nc([H])c1F,6.0,Cs,2,C2v,4,0.5,False,False,2,LOW_SYM,C2v,False,False
128502,[H]N([H])c1nonc(N([H])[H])c1=O,5.0,Cs,2,C2v,4,0.5,False,False,2,LOW_SYM,C2v,False,False
100914,[H]OC([H])([H])C(C#N)(C#N)C([H])([H])O[H],4.0,C2,2,C2v,4,0.5,False,False,2,C2,C2v,False,False
45094,[H]C1=C([H])N([H])C(=O)N([H])C(=O)N1[H],5.0,C2v,4,Cs,2,0.5,False,False,2,C2v,LOW_SYM,False,False
130919,[H]c1c([H])c(N([H])[H])c(F)c(N([H])[H])c1[H],5.0,C2v,4,Cs,2,0.5,False,False,2,C2v,LOW_SYM,False,False
36244,[H]C#CC([H])([H])C([H])([H])C([H])([H])C([H])([H])C([H])([H])C#C[H],4.0,C2,2,C2v,4,0.5,False,False,2,C2,C2v,False,False
14534,[H]OC([H])([H])C#CC#CC([H])([H])O[H],4.0,C2,2,C2h,4,0.5,False,False,2,C2,C2h,False,False
6951,[H]C([H])(C#N)C(=O)C([H])([H])C#N,4.0,C2,2,C2v,4,0.5,False,False,2,C2,C2v,False,False
36436,[H]C1([H])OC([H])([H])[C@]12C([H])([H])[C@@]21C([H])([H])OC1([H])[H],5.0,C2v,4,Cs,2,0.5,False,False,2,C2v,LOW_SYM,False,False
14454,[H]C(=O)C#CC#CC([H])=O,4.0,C2h,4,D2,2,0.5,False,False,2,C2h,D2,False,False
25961,[H]c1nc([H])nc(N(C([H])([H])[H])C([H])([H])[H])n1,6.0,Cs,2,C2v,4,0.5,False,False,2,LOW_SYM,C2v,False,False
546,[H]C([H])([H])OC([H])([H])C([H])([H])OC([H])([H])[H],3.0,C2,2,C2h,4,0.5,False,False,2,C2,C2h,False,False
126290,[H]/N=C(\c1onnc1[H])N([H])C([H])([H])[H],8.0,C1,1,Cs,2,0.5,False,False,1,LOW_SYM,LOW_SYM,True,True
129355,[H]Oc1c(C([H])=O)nn([H])c1O[H],8.0,Cs,2,C1,1,0.5,False,False,1,LOW_SYM,LOW_SYM,True,True
26104,[H]C(=O)N(c1c([H])nc([H])n1[H])C([H])([H])[H],7.0,Cs,2,C1,1,0.5,False,False,1,LOW_SYM,LOW_SYM,True,True
60151,[H]C(=O)N(/C([H])=N/C([H])([H])C#N)C([H])([H])[H],7.0,C1,1,Cs,2,0.5,False,False,1,LOW_SYM,LOW_SYM,True,True
6631,[H]C([H])([H])C([H])(C([H])([H])[H])C([H])([H])C#CC#N,5.0,Cs,2,C1,1,0.5,False,False,1,LOW_SYM,LOW_SYM,True,True
14631,[H]C#CC([H])([H])C([H])([H])C([H])([H])C([H])([H])C([H])([H])O[H],5.0,C1,1,Cs,2,0.5,False,False,1,LOW_SYM,LOW_SYM,True,True
24730,[H][N-]C1OC([H])=C(C2([H])C([H])([H])C2([H])[H])O1,7.0,C1,1,Cs,2,0.5,False,False,1,LOW_SYM,LOW_SYM,True,True
21710,[H]OC([H])([H])C([H])([H])n1nnnn1,6.0,C1,1,Cs,2,0.5,False,False,1,LOW_SYM,LOW_SYM,True,True
107791,[H]OC([H])([H])C1=NC([H])([H])C([H])([H])N1C([H])=O,7.0,C1,1,Cs,2,0.5,False,False,1,LOW_SYM,LOW_SYM,True,True
25499,[H]c1c(C(=O)[O-])[n+]([H])c(N([H])[H])n1[H],8.0,Cs,2,C1,1,0.5,False,False,1,LOW_SYM,LOW_SYM,True,True
5032,[H]Oc1c(N([H])[H])oc([H])c1C([H])([H])[H],5.0,Cs,2,C1,1,0.5,False,False,1,LOW_SYM,LOW_SYM,True,True
28842,[H]c1oc(C2([H])C([H])([H])C2([H])[H])c([H])c1C([H])([H])[H],6.0,C1,1,Cs,2,0.5,False,False,1,LOW_SYM,LOW_SYM,True,True
37363,[H]C([H])=C1[C-]([H])[C@H]2C([H])=C([H])[C@@]3([H])[C@]1([H])[C@@]23[H],5.0,Cs,2,C1,1,0.5,False,False,1,LOW_SYM,LOW_SYM,True,True
26361,[H]Oc1c(N([H])[H])oc(N([H])[H])c1O[H],5.0,C2,2,C1,1,0.5,False,False,1,C2,LOW_SYM,False,False
30891,[H]c1nc(=O)c([H])c(C([H])([H])C([H])([H])[H])o1,8.0,Cs,2,C1,1,0.5,False,False,1,LOW_SYM,LOW_SYM,True,True
85195,[H]C([H])([H])[C@]1([H])C([H])([H])[C@@]([H])(C(=O)C#N)C1([H])[H],6.0,Cs,2,C1,1,0.5,False,False,1,LOW_SYM,LOW_SYM,True,True
121583,[H]OC([H])([H])C([H])([H])C([H])([H])C([H])([H])OC([H])([H])C([H])([H])C([H])([H])[H],4.0,C1,1,Cs,2,0.5,False,False,1,LOW_SYM,LOW_SYM,True,True
125252,[H]c1noc(N([H])[H])c1OC([H])([H])C([H])([H])[H],7.0,Cs,2,C1,1,0.5,False,False,1,LOW_SYM,LOW_SYM,True,True
99005,[H]C#CC([H])([H])C([H])([H])[NH2+]C(OC([H])([H])[H])C([H])([H])[H],6.0,C1,1,Cs,2,0.5,False,False,1,LOW_SYM,LOW_SYM,True,True
125797,[H]C([H])([H])n1nc2c(n1)C([H])([H])C([H])([H])O2,7.0,C1,1,Cs,2,0.5,False,False,1,LOW_SYM,LOW_SYM,True,True
1652,[H]C([H])([H])N(C(=O)C([H])([H])C([H])([H])[H])C([H])([H])[H],5.0,C1,1,Cs,2,0.5,False,False,1,LOW_SYM,LOW_SYM,True,True
51638,[H]C([H])([H])C#CC#CC1(C([H])([H])[H])C([H])([H])C1([H])[H],6.0,Cs,2,C1,1,0.5,False,False,1,LOW_SYM,LOW_SYM,True,True
48552,[H]C#C[C@@]1([H])N(C([H])=O)[C@@]1([H])C#C[H],6.0,Cs,2,C1,1,0.5,False,False,1,LOW_SYM,LOW_SYM,True,True
53018,[H][N-]C(OC([H])([H])C([H])=O)C(=O)C([H])([H])[H],5.0,C1,1,Cs,2,0.5,False,False,1,LOW_SYM,LOW_SYM,True,True
22949,[H]ONC1C(=O)[C@]2([H])C([H])([H])[C@@]1([H])C2([H])[H],7.0,C1,1,Cs,2,0.5,False,False,1,LOW_SYM,LOW_SYM,True,True
73296,[H]C([H])([H])C1[NH2+]C2(C(=O)O1)C([H])([H])C2([H])[H],8.0,C1,1,Cs,2,0.5,False,False,1,LOW_SYM,LOW_SYM,True,True
26401,[H]c1c(N([H])[H])c(C([H])([H])[H])n2c1C([H])([H])C2([H])[H],5.0,Cs,2,C1,1,0.5,False,False,1,LOW_SYM,LOW_SYM,True,True
49441,[H]C(=O)[C@]1([H])C([H])([H])[C@@]2([H])O[C@]([H])(C2([H])[H])C1([H])[H],6.0,Cs,2,C1,1,0.5,False,False,1,LOW_SYM,LOW_SYM,True,True
1635,[H]OC([H])([H])C(=O)C(=O)C([H])([H])[H],4.0,C1,1,Cs,2,0.5,False,False,1,LOW_SYM,LOW_SYM,True,True
8365,[H]N1C(=O)[C@]2([H])C([H])([H])[C@@]1(C([H])([H])[H])C2([H])[H],5.0,Cs,2,C1,1,0.5,False,False,1,LOW_SYM,LOW_SYM,True,True
5064,[H]Oc1c(N([H])[H])c([H])c([H])n1C([H])([H])[H],6.0,Cs,2,C1,1,0.5,False,False,1,LOW_SYM,LOW_SYM,True,True
45340,[H]C1=C(C([H])([H])C#N)C([H])([H])C([H])([H])C1=O,6.0,Cs,2,C1,1,0.5,False,False,1,LOW_SYM,LOW_SYM,True,True
21340,[H][N-]c1c([H])n[n+]([H])c([H])c1N([H])[H],5.0,Cs,2,C1,1,0.5,False,False,1,LOW_SYM,LOW_SYM,True,True
30510,[H][N-]c1oc(O[H])c(N([H])C([H])([H])[H])[n+]1[H],8.0,Cs,2,C1,1,0.5,False,False,1,LOW_SYM,LOW_SYM,True,True
28418,[H]c1nc(C([H])([H])[H])c([H])nc(=O)n1,5.0,Cs,2,C1,1,0.5,False,False,1,LOW_SYM,LOW_SYM,True,True
130750,[H]Oc1c(F)nc([H])c(N([H])[H])c1[H],7.0,Cs,2,C1,1,0.5,False,False,1,LOW_SYM,LOW_SYM,True,True
52765,[H]C([H])([H])C#CC([H])([H])C1([H])C([H])([H])C([H])([H])C([H])([H])C1([H])[H],6.0,Cs,2,C1,1,0.5,False,False,1,LOW_SYM,LOW_SYM,True,True
126618,[H]C(=O)c1nonc1N([H])C([H])([H])[H],6.0,Cs,2,C1,1,0.5,False,False,1,LOW_SYM,LOW_SYM,True,True
130144,[H]c1c(N([H])[H])noc1[N+](=O)[O-],8.0,Cs,2,C1,1,0.5,False,False,1,LOW_SYM,LOW_SYM,True,True
49982,[H]C(=O)C#CC(=O)N([H])C([H])=O,6.0,Cs,2,C1,1,0.5,False,False,1,LOW_SYM,LOW_SYM,True,True
31639,[H]Oc1nc(N([H])C([H])([H])[H])c([H])nc1[H],7.0,C1,1,Cs,2,0.5,False,False,1,LOW_SYM,LOW_SYM,True,True
53442,[H]N([H])C(=O)C1(C(=O)N([H])[H])OC1([H])[H],6.0,Cs,2,C1,1,0.5,False,False,1,LOW_SYM,LOW_SYM,True,True
126581,[H][N-]c1nn[n+]([H])nc1N([H])C([H])([H])[H],6.0,C1,1,Cs,2,0.5,False,False,1,LOW_SYM,LOW_SYM,True,True
24959,[H]c1nc([H])n2c1N([H])C([H])([H])C2=O,8.0,Cs,2,C1,1,0.5,False,False,1,LOW_SYM,LOW_SYM,True,True
128910,[H]c1nnn([H])c(=O)c(=O)c1[H],7.0,C1,1,Cs,2,0.5,False,False,1,LOW_SYM,LOW_SYM,True,True
41737,[H]C#CC([H])([H])C([H])([H])C(=O)C([H])([H])C#N,6.0,C1,1,Cs,2,0.5,False,False,1,LOW_SYM,LOW_SYM,True,True
118000,[H]C([H])([H])C([H])([H])C([H])([H])[C@@]12C([H])([H])[C@@]3([H])[C@@]([H])(C1([H])[H])[C@@]23[H],5.0,C1,1,Cs,2,0.5,False,False,1,LOW_SYM,LOW_SYM,True,True
30845,[H]c1nc(N([H])C([H])([H])[H])c(C#N)o1,8.0,Cs,2,C1,1,0.5,False,False,1,LOW_SYM,LOW_SYM,True,True
120020,[H]C#CC([H])([H])C(=O)C([H])([H])C([H])([H])C([H])([H])O[H],6.0,C1,1,Cs,2,0.5,False,False,1,LOW_SYM,LOW_SYM,True,True
29438,[H]c1nc(=O)c(C([H])([H])[H])c([H])n1C([H])([H])[H],8.0,C1,1,Cs,2,0.5,False,False,1,LOW_SYM,LOW_SYM,True,True
28446,[H]Oc1nc([H])c(=O)nc([H])c1[H],6.0,Cs,2,C1,1,0.5,False,False,1,LOW_SYM,LOW_SYM,True,True
95260,[H]C([H])([H])[NH2+]C(OC([H])([H])C(=O)C([H])([H])[H])C([H])([H])[H],6.0,C1,1,Cs,2,0.5,False,False,1,LOW_SYM,LOW_SYM,True,True
5527,[H]Oc1oc([H])c([H])c1N([H])C([H])([H])[H],6.0,Cs,2,C1,1,0.5,False,False,1,LOW_SYM,LOW_SYM,True,True
50573,[H]C(=O)N([H])[C@]1([H])[C@@]2([H])C(=O)[C@]1([H])C2([H])[H],7.0,C1,1,Cs,2,0.5,False,False,1,LOW_SYM,LOW_SYM,True,True
122822,[H]N([H])c1c(C([H])(C([H])([H])[H])C([H])([H])[H])nnn1[H],8.0,Cs,2,C1,1,0.5,False,False,1,LOW_SYM,LOW_SYM,True,True
26385,[H]C(=O)n1c([H])nc(C([H])([H])[H])c1N([H])[H],8.0,Cs,2,C1,1,0.5,False,False,1,LOW_SYM,LOW_SYM,True,True
27117,[H][N-]C1OC(=O)N=C(C([H])([H])[H])O1,6.0,C1,1,Cs,2,0.5,False,False,1,LOW_SYM,LOW_SYM,True,True
28570,[H]C#Cc1nc([H])nc([H])c1N([H])[H],7.0,Cs,2,C1,1,0.5,False,False,1,LOW_SYM,LOW_SYM,True,True
27369,[H]Oc1c([H])c(N([H])[H])c(C([H])=O)n1[H],6.0,Cs,2,C1,1,0.5,False,False,1,LOW_SYM,LOW_SYM,True,True
56949,[H]OC(C(=O)N(C([H])([H])[H])C([H])([H])[H])(C([H])([H])[H])C([H])([H])[H],7.0,C1,1,Cs,2,0.5,False,False,1,LOW_SYM,LOW_SYM,True,True
15029,[H]C([H])([H])C([H])([H])C#CC([H])([H])C1([H])C([H])([H])C1([H])[H],5.0,Cs,2,C1,1,0.5,False,False,1,LOW_SYM,LOW_SYM,True,True
4584,[H][N-]C1OC([H])=C(C([H])=O)O1,6.0,C1,1,Cs,2,0.5,False,False,1,LOW_SYM,LOW_SYM,True,True
28999,[H]Oc1c([H])c(C([H])([H])C([H])=O)n([H])c1[H],7.0,Cs,2,C1,1,0.5,False,False,1,LOW_SYM,LOW_SYM,True,True
124410,[H]c1nonc1C(=O)C([H])([H])C([H])([H])[H],6.0,C1,1,Cs,2,0.5,False,False,1,LOW_SYM,LOW_SYM,True,True
36218,[H]C([H])(C#N)OC([H])([H])C1([H])C([H])([H])OC1([H])[H],5.0,Cs,2,C1,1,0.5,False,False,1,LOW_SYM,LOW_SYM,True,True
28173,[H]c1c([H])c(C2([H])C([H])([H])C2([H])[H])n([H])c1N([H])[H],7.0,Cs,2,C1,1,0.5,False,False,1,LOW_SYM,LOW_SYM,True,True
25835,[H]c1nc(N(C([H])([H])[H])C([H])([H])[H])c(C([H])([H])[H])n1[H],7.0,C1,1,Cs,2,0.5,False,False,1,LOW_SYM,LOW_SYM,True,True
1976,[H]C([H])([H])C(=O)C([H])([H])[NH+]1C([H])([H])C1([H])[H],5.0,Cs,2,C1,1,0.5,False,False,1,LOW_SYM,LOW_SYM,True,True
118010,[H]OC([H])([H])C([H])([H])[C@@]12C([H])([H])[C@@]3([H])[C@@]([H])(C1([H])[H])[C@@]23[H],5.0,C1,1,Cs,2,0.5,False,False,1,LOW_SYM,LOW_SYM,True,True
75124,[H]O[C@@]1([H])[C@@]([H])(C([H])([H])[H])[C@@]([H])(C#N)[C@@]1([H])C([H])([H])[H],6.0,C1,1,Cs,2,0.5,False,False,1,LOW_SYM,LOW_SYM,True,True
24411,[H]C1=C([H])C([H])([H])Oc2c([H])c([H])c([H])n21,6.0,Cs,2,C1,1,0.5,False,False,1,LOW_SYM,LOW_SYM,True,True
1963,[H]OC([H])([H])[C@]1([H])C([H])([H])[C@]([H])(C([H])([H])[H])C1([H])[H],4.0,Cs,2,C1,1,0.5,False,False,1,LOW_SYM,LOW_SYM,True,True
3924,[H]OC([H])([H])c1noc([H])n1,6.0,Cs,2,C1,1,0.5,False,False,1,LOW_SYM,LOW_SYM,True,True
25783,[H]c1c(N([H])[H])c(C([H])(C([H])([H])[H])C([H])([H])[H])n([H])c1[H],6.0,Cs,2,C1,1,0.5,False,False,1,LOW_SYM,LOW_SYM,True,True
30110,[H]c1nc(O[C+]([H])[NH2+]C([H])([H])[H])c([H])n1[H],7.0,C1,1,Cs,2,0.5,False,False,1,LOW_SYM,LOW_SYM,True,True
9254,[H]OC([H])([H])C(=O)OC([H])([H])C([H])([H])C([H])([H])[H],5.0,C1,1,Cs,2,0.5,False,False,1,LOW_SYM,LOW_SYM,True,True
13930,[H]C1=C([H])C([H])([H])C2(C([H])([H])OC2([H])[H])C1([H])[H],5.0,C1,1,Cs,2,0.5,False,False,1,LOW_SYM,LOW_SYM,True,True
121111,[H]C#CC(=O)OC([H])([H])C([H])([H])C([H])([H])O[H],5.0,C1,1,Cs,2,0.5,False,False,1,LOW_SYM,LOW_SYM,True,True
131901,[H]C(=O)/C([H])=C1/[C-]([H])CC([H])([H])[C-]1[H],6.0,Cs,2,C1,1,0.5,False,False,1,LOW_SYM,LOW_SYM,True,True
29984,[H][c+]1nc(NC([H])([H])[H])oc(=O)o1,6.0,C1,1,Cs,2,0.5,False,False,1,LOW_SYM,LOW_SYM,True,True
31581,[H][N-]c1c([H])nc([H])c(C([H])([H])O[H])[n+]1[H],6.0,Cs,2,C1,1,0.5,False,False,1,LOW_SYM,LOW_SYM,True,True
67011,[H]O[C@]12C([H])=C([H])C([H])([H])[C@](C([H])([H])[H])(C1([H])[H])C2([H])[H],5.0,Cs,2,C1,1,0.5,False,False,1,LOW_SYM,LOW_SYM,True,True
47310,[H]C(=O)C(=O)N1[C@@]2([H])C([H])([H])C([H])([H])[C@@]12[H],7.0,Cs,2,C1,1,0.5,False,False,1,LOW_SYM,LOW_SYM,True,True
2195,[H]C1([H])C([H])([H])[C@]2(C([H])([H])[H])C([H])([H])C([H])([H])[C@]12[H],3.0,C1,1,Cs,2,0.5,False,False,1,LOW_SYM,LOW_SYM,True,True
26310,[H]N([H])c1c(C([H])([H])[H])oc(C([H])([H])[H])c1C([H])([H])[H],5.0,Cs,2,C1,1,0.5,False,False,1,LOW_SYM,LOW_SYM,True,True
49086,[H]C(=O)N1C([H])=C([H])C([H])([H])C(=O)C1([H])[H],8.0,Cs,2,C1,1,0.5,False,False,1,LOW_SYM,LOW_SYM,True,True
62311,[H][N-]C1OC(C([H])([H])[H])(C([H])([H])[H])C12C([H])([H])C2([H])[H],6.0,C1,1,Cs,2,0.5,False,False,1,LOW_SYM,LOW_SYM,True,True
122844,[H]c1c(C([H])(C([H])([H])[H])C([H])([H])[H])c(N([H])[H])nn1[H],7.0,Cs,2,C1,1,0.5,False,False,1,LOW_SYM,LOW_SYM,True,True
22831,[H]ONC1C(C#N)=C([H])C([H])([H])C1([H])[H],7.0,C1,1,Cs,2,0.5,False,False,1,LOW_SYM,LOW_SYM,True,True
59137,[H]C([H])([H])C([H])(OC1(C([H])([H])[H])C([H])([H])OC1([H])[H])C([H])([H])[H],5.0,Cs,2,C1,1,0.5,False,False,1,LOW_SYM,LOW_SYM,True,True
104531,[H]C([H])([H])O[C@@]12[C@@]3([H])O[C@]1([H])[C@]1([H])[C@@]3([H])[C@@]12[H],5.0,C1,1,Cs,2,0.5,False,False,1,LOW_SYM,LOW_SYM,True,True
2280,[H]C([H])([H])OC([H])([H])C1([H])C([H])([H])C([H])([H])C1([H])[H],5.0,Cs,2,C1,1,0.5,False,False,1,LOW_SYM,LOW_SYM,True,True
4746,[H]c1c(N([H])[H])nc(OC([H])([H])[H])n1[H],7.0,Cs,2,C1,1,0.5,False,False,1,LOW_SYM,LOW_SYM,True,True
28935,[H]C(=O)c1oc([H])c(C([H])([H])[H])c1N([H])[H],6.0,Cs,2,C1,1,0.5,False,False,1,LOW_SYM,LOW_SYM,True,True
65615,[H]O[C@@]12[C@]3([H])O[C@@]4([H])[C@@]([H])(O3)[C@]1([H])[C@]42[H],6.0,Cs,2,C1,1,0.5,False,False,1,LOW_SYM,LOW_SYM,True,True
88230,[H]O[C@]1([H])C([H])([H])[C@]2([NH2+][C+]([H])OC2([H])[H])C1([H])[H],7.0,C1,1,Cs,2,0.5,False,False,1,LOW_SYM,LOW_SYM,True,True
4463,[H]Oc1nc(N([H])[H])c(N([H])[H])o1,7.0,C1,1,Cs,2,0.5,False,False,1,LOW_SYM,LOW_SYM,True,True
112649,[H]OC([H])([H])C1([H])C([H])([H])C2(C([H])([H])OC2([H])[H])C1([H])[H],5.0,Cs,2,C1,1,0.5,False,False,1,LOW_SYM,LOW_SYM,True,True
11016,[H]C([H])([H])C([H])([H])[N@H+]1C([H])([H])[C@@]([H])(C#N)C1([H])[H],5.0,Cs,2,C1,1,0.5,False,False,1,LOW_SYM,LOW_SYM,True,True
103481,[H]OC([H])([H])C1(C#CC([H])=O)C([H])([H])C1([H])[H],7.0,Cs,2,C1,1,0.5,False,False,1,LOW_SYM,LOW_SYM,True,True
41696,[H]C#CC(=O)C([H])([H])[NH+]1C([H])([H])C([H])([H])C1([H])[H],6.0,Cs,2,C1,1,0.5,False,False,1,LOW_SYM,LOW_SYM,True,True
32395,[H]c1c(OC([H])([H])C([H])([H])[H])c([H])n(C([H])([H])[H])c1[H],6.0,C1,1,Cs,2,0.5,False,False,1,LOW_SYM,LOW_SYM,True,True
21343,[H]c1c(N([H])[H])c(=O)nnn1[H],7.0,C1,1,Cs,2,0.5,False,False,1,LOW_SYM,LOW_SYM,True,True
126191,[H]c1n[n+]([H])c(NC([H])([H])[H])c(C([H])([H])[H])c1[H],7.0,C1,1,Cs,2,0.5,False,False,1,LOW_SYM,LOW_SYM,True,True
107789,[H]OC([H])([H])C1=C([H])C([H])([H])C([H])([H])N1C([H])=O,7.0,Cs,2,C1,1,0.5,False,False,1,LOW_SYM,LOW_SYM,True,True
35643,[H]C1([H])C([H])([H])[C@]2(C([H])([H])C#N)C([H])([H])C([H])([H])[C@]12[H],5.0,C1,1,Cs,2,0.5,False,False,1,LOW_SYM,LOW_SYM,True,True
122122,[H]c1nc(N([H])C2([H])C([H])([H])C2([H])[H])n([H])n1,8.0,Cs,2,C1,1,0.5,False,False,1,LOW_SYM,LOW_SYM,True,True
10050,[H]C(=O)/C(=N\C([H])([H])[H])N([H])C([H])([H])C([H])([H])[H],5.0,C1,1,Cs,2,0.5,False,False,1,LOW_SYM,LOW_SYM,True,True
3971,[H]C#C/C(=N\O[H])C([H])([H])OC([H])([H])[H],6.0,C1,1,Cs,2,0.5,False,False,1,LOW_SYM,LOW_SYM,True,True
121198,[H]OC([H])([H])C(=O)OC([H])([H])C([H])([H])C([H])([H])O[H],5.0,C1,1,Cs,2,0.5,False,False,1,LOW_SYM,LOW_SYM,True,True
125503,[H]c1c(C([H])([H])C#N)nnn1C([H])([H])[H],8.0,C1,1,Cs,2,0.5,False,False,1,LOW_SYM,LOW_SYM,True,True
26144,[H]c1nc(C2(C([H])([H])[H])C([H])([H])C2([H])[H])n([H])c1[H],8.0,C1,1,Cs,2,0.5,False,False,1,LOW_SYM,LOW_SYM,True,True
43564,[H][N-]C1O[C@@]2([H])[C@]3([H])[N@H+]4C([H])([H])[C@@]13[C@]42[H],7.0,C1,1,Cs,2,0.5,False,False,1,LOW_SYM,LOW_SYM,True,True
26850,[H]C1=C([H])C([H])([H])n2c([H])nc(N([H])[H])c21,8.0,Cs,2,C1,1,0.5,False,False,1,LOW_SYM,LOW_SYM,True,True
4374,[H][N-]C1=C([H])C([H])=NC(O[H])O1,6.0,C1,1,Cs,2,0.5,False,False,1,LOW_SYM,LOW_SYM,True,True
59813,[H]C(=O)N(C(=O)N1C([H])([H])C1([H])[H])C([H])([H])[H],5.0,Cs,2,C1,1,0.5,False,False,1,LOW_SYM,LOW_SYM,True,True
120658,[H]C([H])([H])C([H])([H])C([H])([H])C([H])([H])C1=NC([H])([H])C([H])([H])O1,7.0,C1,1,Cs,2,0.5,False,False,1,LOW_SYM,LOW_SYM,True,True
124108,[H]N([H])c1nonc(C([H])([H])[H])c1=O,6.0,C1,1,Cs,2,0.5,False,False,1,LOW_SYM,LOW_SYM,True,True
30343,[H]Oc1c(C([H])([H])O[H])oc(C([H])([H])[H])c1[H],5.0,Cs,2,C1,1,0.5,False,False,1,LOW_SYM,LOW_SYM,True,True
27886,[H]c1oc([H])c2oc(N([H])[H])nc12,7.0,Cs,2,C1,1,0.5,False,False,1,LOW_SYM,LOW_SYM,True,True
13167,[H][C+]([NH2+]C1([H])C([H])([H])OC1([H])[H])OC([H])([H])[H],6.0,C1,1,Cs,2,0.5,False,False,1,LOW_SYM,LOW_SYM,True,True
104808,[H]C1=C([H])[C@]2(C([H])([H])[H])C([H])([H])[C@@]1(OC([H])([H])[H])C2([H])[H],7.0,Cs,2,C1,1,0.5,False,False,1,LOW_SYM,LOW_SYM,True,True
47677,[H]C(=O)C1(C([H])=O)C(=O)OC1([H])[H],5.0,Cs,2,C1,1,0.5,False,False,1,LOW_SYM,LOW_SYM,True,True
76564,[H]O[C@]1([H])[C@]2([H])C(=O)[C@@]1([H])[C@@]21OC1([H])[H],6.0,Cs,2,C1,1,0.5,False,False,1,LOW_SYM,LOW_SYM,True,True
30421,[H]N([H])c1nc(C([H])([H])[H])oc1OC([H])([H])[H],7.0,Cs,2,C1,1,0.5,False,False,1,LOW_SYM,LOW_SYM,True,True
126013,[H]Oc1nnn(C([H])([H])[H])c(=O)n1,8.0,C1,1,Cs,2,0.5,False,False,1,LOW_SYM,LOW_SYM,True,True
129141,[H]C(=O)C([H])([H])Nc1n([H])nc([H])[n+]1[H],7.0,C1,1,Cs,2,0.5,False,False,1,LOW_SYM,LOW_SYM,True,True
127709,[H]c1nnoc1OC(=O)N([H])[H],8.0,Cs,2,C1,1,0.5,False,False,1,LOW_SYM,LOW_SYM,True,True
39319,[H]C1([H])C([H])([H])[C@]12O[C@@]1([H])C([H])([H])[N@@H+](C2([H])[H])C1([H])[H],6.0,Cs,2,C1,1,0.5,False,False,1,LOW_SYM,LOW_SYM,True,True
127598,[H]/N=C(/Oc1nc([H])nn1[H])N([H])[H],5.0,C1,1,Cs,2,0.5,False,False,1,LOW_SYM,LOW_SYM,True,True
126519,[H]c1noc(=O)c(N([H])C([H])([H])[H])n1,7.0,C1,1,Cs,2,0.5,False,False,1,LOW_SYM,LOW_SYM,True,True
31867,[H][N-]C1OC([H])=C(OC([H])([H])[H])N=C1[H],6.0,C1,1,Cs,2,0.5,False,False,1,LOW_SYM,LOW_SYM,True,True
25986,[H]Oc1nc(C([H])(C([H])([H])[H])C([H])([H])[H])c([H])n1[H],8.0,Cs,2,C1,1,0.5,False,False,1,LOW_SYM,LOW_SYM,True,True
63580,[H]O[C@]1(C([H])=O)[C@@]2([H])C([H])=C([H])[C@]1([H])N2[H],7.0,C1,1,Cs,2,0.5,False,False,1,LOW_SYM,LOW_SYM,True,True
128975,[H]C1([H])C([H])([H])C1([H])n1nnoc1=O,9.0,C1,1,Cs,2,0.5,False,False,1,LOW_SYM,LOW_SYM,True,True
29572,[H]c1nc2c([H])c([H])n(C([H])([H])[H])c2o1,8.0,Cs,2,C1,1,0.5,False,False,1,LOW_SYM,LOW_SYM,True,True
9064,[H]OC([H])([H])C(=O)C#CC#N,6.0,C1,1,Cs,2,0.5,False,False,1,LOW_SYM,LOW_SYM,True,True
26650,[H]Oc1nc([H])oc1C([H])([H])C#N,8.0,Cs,2,C1,1,0.5,False,False,1,LOW_SYM,LOW_SYM,True,True
1295,[H][N-]C1OC([H])([H])C1(C([H])([H])[H])C([H])([H])[H],4.0,C1,1,Cs,2,0.5,False,False,1,LOW_SYM,LOW_SYM,True,True
28853,[H]c1c(N([H])[H])c([H])n([H])c1N1C([H])([H])C1([H])[H],6.0,Cs,2,C1,1,0.5,False,False,1,LOW_SYM,LOW_SYM,True,True
116093,[H]OC([H])([H])C([H])([H])C(O[H])(C([H])([H])[H])C([H])([H])C([H])([H])O[H],4.0,C1,1,Cs,2,0.5,False,False,1,LOW_SYM,LOW_SYM,True,True
127988,[H]c1oc(N([H])[H])c2onnc12,7.0,Cs,2,C1,1,0.5,False,False,1,LOW_SYM,LOW_SYM,True,True
31955,[H]Oc1c(OC([H])([H])[H])c([H])n([H])c1N([H])[H],6.0,C1,1,Cs,2,0.5,False,False,1,LOW_SYM,LOW_SYM,True,True
24575,[H][N-]C1=C([H])C([H])=C([H])[C-]([H])C(=O)O1,7.0,C1,1,Cs,2,0.5,False,False,1,LOW_SYM,LOW_SYM,True,True
128176,[H]N([H])C1=NC(=O)C(NN)C1([H])[H],6.0,C1,1,Cs,2,0.5,False,False,1,LOW_SYM,LOW_SYM,True,True
50268,[H][N-][C+]([H])O[C@]12C([H])([H])C([H])([H])[N@H+](C1([H])[H])C2([H])[H],7.0,Cs,2,C1,1,0.5,False,False,1,LOW_SYM,LOW_SYM,True,True
48560,[H]C(=O)[C@@]1([H])[C@@]([H])(C#N)[C@@]1([H])C([H])=O,5.0,C1,1,Cs,2,0.5,False,False,1,LOW_SYM,LOW_SYM,True,True
21260,[H]c1nn([H])c(N([H])[H])c1C#N,7.0,Cs,2,C1,1,0.5,False,False,1,LOW_SYM,LOW_SYM,True,True
28750,[H][N-]C1OC([H])=C(O[H])C([H])=C1O[H],6.0,C1,1,Cs,2,0.5,False,False,1,LOW_SYM,LOW_SYM,True,True
16064,[H][N-]C1N([H])[C+]([H])[NH2+]C12C([H])([H])C2([H])[H],5.0,C1,1,Cs,2,0.5,False,False,1,LOW_SYM,LOW_SYM,True,True
98642,[H][N-]C(OC(C([H])([H])[H])(C([H])([H])[H])C([H])([H])O[H])C([H])([H])[H],5.0,C1,1,Cs,2,0.5,False,False,1,LOW_SYM,LOW_SYM,True,True
30808,[H]c1nc(OC([H])([H])[H])c(N([H])C([H])([H])[H])n1[H],7.0,Cs,2,C1,1,0.5,False,False,1,LOW_SYM,LOW_SYM,True,True
35842,[H]C([H])(C#N)[C@]1([H])C([H])([H])[C@]2(OC2([H])[H])C1([H])[H],6.0,Cs,2,C1,1,0.5,False,False,1,LOW_SYM,LOW_SYM,True,True
29629,[H]c1nc(C2([H])C([H])([H])C2([H])[H])n(C([H])([H])[H])c1[H],8.0,C1,1,Cs,2,0.5,False,False,1,LOW_SYM,LOW_SYM,True,True
108816,[H]C([H])([H])C([H])([H])[N@H+]1[C@@]2([H])[C@]1([H])[C@@]1([H])O[C@]2([H])C1([H])[H],6.0,Cs,2,C1,1,0.5,False,False,1,LOW_SYM,LOW_SYM,True,True
6390,[H]C#C[C@]1(O[H])C([H])([H])[N@H+](C([H])([H])[H])C1([H])[H],6.0,Cs,2,C1,1,0.5,False,False,1,LOW_SYM,LOW_SYM,True,True
2645,[H]C#CC#CC([H])([H])C([H])([H])C([H])([H])[H],4.0,C1,1,Cs,2,0.5,False,False,1,LOW_SYM,LOW_SYM,True,True
26693,[H]/N=C(\[H])N([H])c1nc([H])n([H])c1C([H])([H])[H],6.0,Cs,2,C1,1,0.5,False,False,1,LOW_SYM,LOW_SYM,True,True
5036,[H]Oc1c(N([H])[H])c([H])n([H])c1N([H])[H],6.0,C1,1,Cs,2,0.5,False,False,1,LOW_SYM,LOW_SYM,True,True
35511,[H]C#CC([H])([H])C1(C#C[H])C([H])([H])OC1([H])[H],6.0,Cs,2,C1,1,0.5,False,False,1,LOW_SYM,LOW_SYM,True,True
32560,[H]c1oc(=O)n([H])c1C([H])([H])OC([H])([H])[H],7.0,C1,1,Cs,2,0.5,False,False,1,LOW_SYM,LOW_SYM,True,True
125926,[H]c1nc(C2([H])C([H])([H])C2([H])[H])n(C([H])([H])[H])n1,7.0,C1,1,Cs,2,0.5,False,False,1,LOW_SYM,LOW_SYM,True,True
7267,[H][N-]C(OC([H])([H])C([H])([H])[H])C(=O)C([H])([H])[H],5.0,C1,1,Cs,2,0.5,False,False,1,LOW_SYM,LOW_SYM,True,True
121563,[H]C(=O)C([H])([H])OC([H])([H])C([H])([H])C([H])([H])OC([H])([H])[H],5.0,C1,1,Cs,2,0.5,False,False,1,LOW_SYM,LOW_SYM,True,True
14445,[H]C#CC([H])([H])OC([H])([H])C([H])([H])C#C[H],5.0,C1,1,Cs,2,0.5,False,False,1,LOW_SYM,LOW_SYM,True,True
1424,[H]C([H])([H])C#CC(=O)C([H])([H])C([H])([H])[H],5.0,C1,1,Cs,2,0.5,False,False,1,LOW_SYM,LOW_SYM,True,True
96811,[H]OC([H])([H])C(=O)N(C(=O)N([H])[H])C([H])([H])[H],6.0,C1,1,Cs,2,0.5,False,False,1,LOW_SYM,LOW_SYM,True,True
25272,[H]C(=O)C([H])([H])N([H])c1nc([H])oc1[H],8.0,Cs,2,C1,1,0.5,False,False,1,LOW_SYM,LOW_SYM,True,True
29529,[H]C(=O)c1nc([H])n(C([H])([H])[H])c1N([H])[H],8.0,Cs,2,C1,1,0.5,False,False,1,LOW_SYM,LOW_SYM,True,True
107565,[H][N-]C1N(C([H])([H])[H])C(C([H])([H])C([H])([H])[H])=NC1([H])[H],7.0,C1,1,Cs,2,0.5,False,False,1,LOW_SYM,LOW_SYM,True,True
2531,[H]OC([H])([H])C([H])(C([H])([H])O[H])C([H])([H])O[H],3.0,Cs,2,C1,1,0.5,False,False,1,LOW_SYM,LOW_SYM,True,True
126598,[H]N(c1noc(C([H])([H])N([H])[H])n1)C([H])([H])[H],8.0,C1,1,Cs,2,0.5,False,False,1,LOW_SYM,LOW_SYM,True,True
29102,[H]c1oc2c(c1N([H])[H])OC([H])([H])O2,6.0,Cs,2,C1,1,0.5,False,False,1,LOW_SYM,LOW_SYM,True,True
1267,[H]C([H])([H])C(=O)C([H])([H])C([H])([H])C([H])([H])C([H])([H])[H],4.0,C1,1,Cs,2,0.5,False,False,1,LOW_SYM,LOW_SYM,True,True
128350,[H]c1oc2c(c(N([H])[H])nn2[H])c1[H],7.0,Cs,2,C1,1,0.5,False,False,1,LOW_SYM,LOW_SYM,True,True
129895,[H]OC([H])([H])c1nn([H])c(=O)c([H])c1[H],8.0,C1,1,Cs,2,0.5,False,False,1,LOW_SYM,LOW_SYM,True,True
121537,[H]C#CC([H])([H])C([H])([H])OC([H])([H])C([H])([H])OC([H])([H])[H],5.0,C1,1,Cs,2,0.5,False,False,1,LOW_SYM,LOW_SYM,True,True
30641,[H]Oc1oc(N([H])[H])nc1OC([H])([H])[H],6.0,Cs,2,C1,1,0.5,False,False,1,LOW_SYM,LOW_SYM,True,True
29963,[H]OC1N=C(NC([H])([H])[H])C([H])=C([H])O1,8.0,C1,1,Cs,2,0.5,False,False,1,LOW_SYM,LOW_SYM,True,True
131038,[H]c1oc(=O)nc(N([H])[H])c1F,8.0,C1,1,Cs,2,0.5,False,False,1,LOW_SYM,LOW_SYM,True,True
126304,[H]c1noc(C(=O)N([H])C([H])([H])[H])c1[H],8.0,C1,1,Cs,2,0.5,False,False,1,LOW_SYM,LOW_SYM,True,True
58068,[H]c1oc(=O)[c-]([H])c1[N+]([H])(C([H])([H])[H])C([H])([H])[H],8.0,Cs,2,C1,1,0.5,False,False,1,LOW_SYM,LOW_SYM,True,True
121520,[H]C#CC([H])([H])OC([H])([H])C([H])([H])C([H])([H])C([H])([H])C([H])([H])[H],6.0,C1,1,Cs,2,0.5,False,False,1,LOW_SYM,LOW_SYM,True,True
5926,[H]OC([H])([H])C([H])([H])C(C([H])([H])[H])(C([H])([H])[H])C([H])([H])O[H],4.0,C1,1,Cs,2,0.5,False,False,1,LOW_SYM,LOW_SYM,True,True
126630,[H]/C(=N\c1onc([H])c1[H])N([H])C([H])([H])[H],8.0,C1,1,Cs,2,0.5,False,False,1,LOW_SYM,LOW_SYM,True,True
25987,[H]c1oc(C([H])([H])[H])c([H])c1C([H])(C([H])([H])[H])C([H])([H])[H],6.0,Cs,2,C1,1,0.5,False,False,1,LOW_SYM,LOW_SYM,True,True
115005,[H][C-]1C(C([H])([H])[H])=C(NC([H])([H])C([H])([H])[H])OC1([H])[H],8.0,C1,1,Cs,2,0.5,False,False,1,LOW_SYM,LOW_SYM,True,True
41490,[H]C1([H])N=C(C(=O)C#N)OC1([H])[H],7.0,C1,1,Cs,2,0.5,False,False,1,LOW_SYM,LOW_SYM,True,True
2899,[H]C1=C(C([H])([H])C([H])([H])[H])C([H])([H])OC1([H])[H],5.0,Cs,2,C1,1,0.5,False,False,1,LOW_SYM,LOW_SYM,True,True
25674,[H]c1oc([H])c(N([H])C(=O)C([H])([H])[H])c1[H],6.0,C1,1,Cs,2,0.5,False,False,1,LOW_SYM,LOW_SYM,True,True
15361,[H]/N=C(\[H])N1C([H])=NC([H])([H])C1[N-][H],6.0,C1,1,Cs,2,0.5,False,False,1,LOW_SYM,LOW_SYM,True,True
9127,[H][N-][C+]([H])OC([H])([H])C(=O)C([H])([H])O[H],5.0,Cs,2,C1,1,0.5,False,False,1,LOW_SYM,LOW_SYM,True,True
30006,[H]OC1=C([H])C([H])=NC([NH2+]C([H])([H])[H])O1,8.0,C1,1,Cs,2,0.5,False,False,1,LOW_SYM,LOW_SYM,True,True
27380,[H]Oc1c([H])c(C([H])([H])[H])c2n1C([H])([H])C2([H])[H],7.0,Cs,2,C1,1,0.5,False,False,1,LOW_SYM,LOW_SYM,True,True
10157,[H]C#CC([H])(C#C[H])C([H])(C([H])([H])[H])C([H])([H])[H],5.0,C1,1,Cs,2,0.5,False,False,1,LOW_SYM,LOW_SYM,True,True
41609,[H]C1([H])C([H])([H])C([H])(C(=O)C2([H])C([H])([H])C2([H])[H])C1([H])[H],6.0,Cs,2,C1,1,0.5,False,False,1,LOW_SYM,LOW_SYM,True,True
53865,[H]N([H])C(=O)N1[C@@]2([H])[C@@]3([H])O[C@@]3([H])[C@@]12[H],8.0,Cs,2,C1,1,0.5,False,False,1,LOW_SYM,LOW_SYM,True,True
119192,[H]C([H])([H])C([H])([H])O[C@@]1([H])C([H])([H])[C@@]1([H])OC([H])([H])C([H])([H])[H],4.0,Cs,2,C1,1,0.5,False,False,1,LOW_SYM,LOW_SYM,True,True
31543,[H]c1nc(C([H])([H])C([H])([H])[H])n([H])c(=O)n1,7.0,C1,1,Cs,2,0.5,False,False,1,LOW_SYM,LOW_SYM,True,True
21179,[H][N-]C1ON=C(C([H])=O)O1,7.0,C1,1,Cs,2,0.5,False,False,1,LOW_SYM,LOW_SYM,True,True
1441,[H]/N=C(\[H])N([H])C(=O)N([H])C([H])([H])[H],4.0,C1,1,Cs,2,0.5,False,False,1,LOW_SYM,LOW_SYM,True,True
7420,[H][N-][C+]([H])OC1(C([H])([H])[H])C([H])([H])OC1([H])[H],5.0,Cs,2,C1,1,0.5,False,False,1,LOW_SYM,LOW_SYM,True,True
5242,[H]c1c([H])c([H])n(C(=O)N([H])[H])c1[H],6.0,Cs,2,C1,1,0.5,False,False,1,LOW_SYM,LOW_SYM,True,True
47251,[H]C(=O)C#CC([H])([H])C(=O)C([H])=O,5.0,C1,1,Cs,2,0.5,False,False,1,LOW_SYM,LOW_SYM,True,True
58091,[H]C1=C(C([H])(C([H])([H])[H])C([H])([H])[H])C([H])([H])C(=O)C1([H])[H],6.0,C1,1,Cs,2,0.5,False,False,1,LOW_SYM,LOW_SYM,True,True
29956,[H]Oc1c([H])c(NC([H])([H])[H])nc([H])[n+]1[H],7.0,C1,1,Cs,2,0.5,False,False,1,LOW_SYM,LOW_SYM,True,True
130344,[H]c1c(F)oc(N([H])[H])nc1=O,8.0,C1,1,Cs,2,0.5,False,False,1,LOW_SYM,LOW_SYM,True,True
10036,[H]C([H])([H])[NH2+]C(C#N)OC([H])([H])C([H])([H])[H],5.0,C1,1,Cs,2,0.5,False,False,1,LOW_SYM,LOW_SYM,True,True
28622,[H]c1nc([H])c(C([H])([H])[H])c(=O)nc1[H],7.0,Cs,2,C1,1,0.5,False,False,1,LOW_SYM,LOW_SYM,True,True
8875,[H]C#CC(=O)OC([H])([H])C#N,5.0,C1,1,Cs,2,0.5,False,False,1,LOW_SYM,LOW_SYM,True,True
26782,[H]Oc1c(OC([H])=O)oc([H])c1[H],6.0,Cs,2,C1,1,0.5,False,False,1,LOW_SYM,LOW_SYM,True,True
7507,[H]N([H])C(=O)C1(N([H])[H])C([H])([H])OC1([H])[H],6.0,Cs,2,C1,1,0.5,False,False,1,LOW_SYM,LOW_SYM,True,True
96293,[H]C([H])([H])C([H])([H])C#C[C@]12C([H])([H])[C@]([H])(C1([H])[H])C2([H])[H],6.0,C1,1,Cs,2,0.5,False,False,1,LOW_SYM,LOW_SYM,True,True
115407,[H]C([H])([H])OC([H])([H])C(=O)C(=O)C#N,6.0,C1,1,Cs,2,0.5,False,False,1,LOW_SYM,LOW_SYM,True,True
44943,[H][N-]C1N2C(=NC1([H])[H])OC([H])([H])C2([H])[H],8.0,C1,1,Cs,2,0.5,False,False,1,LOW_SYM,LOW_SYM,True,True
28003,[H]Oc1c([H])c([H])c(N([H])[H])c([H])c1C([H])([H])[H],6.0,Cs,2,C1,1,0.5,False,False,1,LOW_SYM,LOW_SYM,True,True
124414,[H]c1nc([H])n(C(=O)C([H])([H])C([H])([H])[H])n1,7.0,C1,1,Cs,2,0.5,False,False,1,LOW_SYM,LOW_SYM,True,True
126208,[H]c1nn[n+]([H])c(NC([H])([H])[H])c1C([H])([H])[H],8.0,C1,1,Cs,2,0.5,False,False,1,LOW_SYM,LOW_SYM,True,True
4482,[H]Oc1c([H])c(O[H])n([H])c1O[H],5.0,Cs,2,C1,1,0.5,False,False,1,LOW_SYM,LOW_SYM,True,True
126314,[H]c1nonc1C(=O)N([H])C([H])([H])[H],6.0,C1,1,Cs,2,0.5,False,False,1,LOW_SYM,LOW_SYM,True,True
52395,[H]C(=O)[C@]1([H])C([H])([H])[C@@]([H])(C#CC([H])([H])[H])C1([H])[H],6.0,C1,1,Cs,2,0.5,False,False,1,LOW_SYM,LOW_SYM,True,True
131122,[H]C1=C(NC([H])([H])[H])OC(F)C([H])=C1[H],7.0,C1,1,Cs,2,0.5,False,False,1,LOW_SYM,LOW_SYM,True,True
32013,[H]OC([H])([H])c1c(C#N)c([H])n([H])c1[H],6.0,C1,1,Cs,2,0.5,False,False,1,LOW_SYM,LOW_SYM,True,True
50644,[H]C(=O)C([H])([H])[N@H+]1[C@@]2([H])C([H])([H])OC([H])([H])[C@@]12[H],6.0,Cs,2,C1,1,0.5,False,False,1,LOW_SYM,LOW_SYM,True,True
73897,[H][N-]C1N(C([H])=O)C(N([H])[H])=NC1([H])[H],7.0,C1,1,Cs,2,0.5,False,False,1,LOW_SYM,LOW_SYM,True,True
31760,[H]Oc1nc([H])c([H])nc1N([H])C([H])([H])[H],7.0,C1,1,Cs,2,0.5,False,False,1,LOW_SYM,LOW_SYM,True,True
107638,[H]N1C(OC([H])([H])[H])=NC([H])([H])C1[NH2+]C([H])([H])[H],7.0,C1,1,Cs,2,0.5,False,False,1,LOW_SYM,LOW_SYM,True,True
129172,[H]C(=O)C([H])([H])Oc1nc([H])n([H])n1,7.0,C1,1,Cs,2,0.5,False,False,1,LOW_SYM,LOW_SYM,True,True
122331,[H]C1=C([H])C([H])([H])N([H])c2c([H])noc21,8.0,Cs,2,C1,1,0.5,False,False,1,LOW_SYM,LOW_SYM,True,True
76633,[H]C#C[C@@]1([H])[C@]2([H])C(=O)[C@@]1([H])[C@]2([H])O[H],7.0,C1,1,Cs,2,0.5,False,False,1,LOW_SYM,LOW_SYM,True,True
98701,[H]C#CC([H])([H])OC(C([H])([H])[H])(C([H])([H])[H])C([H])([H])O[H],5.0,C1,1,Cs,2,0.5,False,False,1,LOW_SYM,LOW_SYM,True,True
117053,[H]OC([H])([H])C([H])([H])C([H])(C([H])=O)C([H])([H])C([H])([H])O[H],5.0,C1,1,Cs,2,0.5,False,False,1,LOW_SYM,LOW_SYM,True,True
80289,[H]C([H])([H])[N@@H+]1[C@@]2([H])C([H])([H])[C@]1([H])[C@@]2([H])[NH+]1C([H])([H])C1([H])[H],6.0,C1,1,Cs,2,0.5,False,False,1,LOW_SYM,LOW_SYM,True,True
17340,[H]C(=O)[C@@]12C([H])([H])[C@@]3([H])[C@@]([H])(C1([H])[H])[C@@]23[H],5.0,Cs,2,C1,1,0.5,False,False,1,LOW_SYM,LOW_SYM,True,True
30895,[H]c1nc(=O)nc(C([H])([H])C([H])([H])[H])o1,6.0,C1,1,Cs,2,0.5,False,False,1,LOW_SYM,LOW_SYM,True,True
129843,[H]OC([H])([H])c1c([H])c([H])noc1=O,7.0,C1,1,Cs,2,0.5,False,False,1,LOW_SYM,LOW_SYM,True,True
9012,[H][C+]([NH2+]C([H])([H])[H])OC(=O)C#N,6.0,C1,1,Cs,2,0.5,False,False,1,LOW_SYM,LOW_SYM,True,True
27460,[H]Oc1nc(N([H])[H])nc(=O)o1,7.0,C1,1,Cs,2,0.5,False,False,1,LOW_SYM,LOW_SYM,True,True
13261,[H]C([H])([H])C#CC1([H])OC([H])([H])C([H])([H])O1,5.0,C1,1,Cs,2,0.5,False,False,1,LOW_SYM,LOW_SYM,True,True
8907,[H]C(=O)OC([H])([H])C(=O)C([H])=O,5.0,Cs,2,C1,1,0.5,False,False,1,LOW_SYM,LOW_SYM,True,True
30060,[H]C1=C([H])[N+]([H])C(=O)C([NH2+]C([H])([H])[H])N1[H],6.0,C1,1,Cs,2,0.5,False,False,1,LOW_SYM,LOW_SYM,True,True
125557,[H]c1c2onnc2nn1C([H])([H])[H],9.0,Cs,2,C1,1,0.5,False,False,1,LOW_SYM,LOW_SYM,True,True
126550,[H]N(c1nn([H])c(=O)n1C([H])([H])[H])C([H])([H])[H],6.0,Cs,2,C1,1,0.5,False,False,1,LOW_SYM,LOW_SYM,True,True
73003,[H]C(=O)c1oc(N([H])[H])c([H])c1N([H])[H],6.0,Cs,2,C1,1,0.5,False,False,1,LOW_SYM,LOW_SYM,True,True
100969,[H]OC([H])([H])C(C([H])([H])O[H])(C([H])([H])C([H])([H])[H])C([H])([H])C([H])([H])[H],4.0,C1,1,C2,2,0.5,False,False,1,LOW_SYM,C2,False,False
42691,[H][N-]C1C(=O)C([H])=C([H])C([N-][H])N1[H],6.0,C1,1,Cs,2,0.5,False,False,1,LOW_SYM,LOW_SYM,True,True
27733,[H]c1c([H])n([H])c2c([H])c(N([H])[H])oc12,6.0,Cs,2,C1,1,0.5,False,False,1,LOW_SYM,LOW_SYM,True,True
13123,[H]C#CC([H])([H])C([H])([H])C1([H])C([H])([H])C([H])([H])C1([H])[H],5.0,Cs,2,C1,1,0.5,False,False,1,LOW_SYM,LOW_SYM,True,True
66690,[H]O[C@]12C([H])=C([H])[C@]3(C([H])([H])[H])[C@@]1([H])N([H])[C@]23[H],7.0,Cs,2,C1,1,0.5,False,False,1,LOW_SYM,LOW_SYM,True,True
4740,[H]c1oc(OC([H])([H])[H])c([H])c1C([H])([H])[H],4.0,C1,1,Cs,2,0.5,False,False,1,LOW_SYM,LOW_SYM,True,True
20076,[H]C#CC([H])([H])c1onc([H])c1[H],7.0,C1,1,Cs,2,0.5,False,False,1,LOW_SYM,LOW_SYM,True,True
21230,[H]/N=C(/c1nc([H])n([H])n1)N([H])[H],5.0,C1,1,Cs,2,0.5,False,False,1,LOW_SYM,LOW_SYM,True,True
12503,[H]N1C(=O)N(C([H])([H])[H])C(=O)C1([H])[H],5.0,C1,1,Cs,2,0.5,False,False,1,LOW_SYM,LOW_SYM,True,True
48464,[H]C(=O)C1=C([H])C([H])([H])C([H])([H])C12C([H])([H])C2([H])[H],5.0,Cs,2,C1,1,0.5,False,False,1,LOW_SYM,LOW_SYM,True,True
14584,[H]C([H])([H])C([H])([H])C([H])([H])C([H])([H])C#CC#N,5.0,C1,1,Cs,2,0.5,False,False,1,LOW_SYM,LOW_SYM,True,True
119915,[H]C([H])([H])C#CC(=O)OC([H])([H])C([H])([H])C([H])([H])[H],6.0,C1,1,Cs,2,0.5,False,False,1,LOW_SYM,LOW_SYM,True,True
23554,[H][N-]C1=NC(F)ON=C1[H],7.0,C1,1,Cs,2,0.5,False,False,1,LOW_SYM,LOW_SYM,True,True
128889,[H]n1nc2n(c1=O)C([H])([H])C([H])([H])O2,9.0,Cs,2,C1,1,0.5,False,False,1,LOW_SYM,LOW_SYM,True,True
20496,[H]OC([H])([H])c1nn([H])nc1C([H])([H])[H],5.0,Cs,2,C1,1,0.5,False,False,1,LOW_SYM,LOW_SYM,True,True
20362,[H]OC([H])([H])c1onnc1C([H])([H])[H],7.0,Cs,2,C1,1,0.5,False,False,1,LOW_SYM,LOW_SYM,True,True
126956,[H]OC([H])([H])c1nc(OC([H])([H])[H])no1,7.0,C1,1,Cs,2,0.5,False,False,1,LOW_SYM,LOW_SYM,True,True
95673,[H]C(=O)C1=C([H])C([NH2+]C([H])([H])[H])OC1([H])[H],7.0,C1,1,Cs,2,0.5,False,False,1,LOW_SYM,LOW_SYM,True,True
41729,[H]C([H])(C#N)OC(=O)N1C([H])([H])C1([H])[H],8.0,Cs,2,C1,1,0.5,False,False,1,LOW_SYM,LOW_SYM,True,True
27082,[H][N-]C1=C([H])NC([H])=NC(O[H])=C1[H],7.0,Cs,2,C1,1,0.5,False,False,1,LOW_SYM,LOW_SYM,True,True
29039,[H]c1nc2c(n1[H])C([H])([H])N=C2N([H])[H],6.0,Cs,2,C1,1,0.5,False,False,1,LOW_SYM,LOW_SYM,True,True
126717,[H]Oc1nn([H])c(OC([H])([H])[H])c1C([H])([H])[H],8.0,Cs,2,C1,1,0.5,False,False,1,LOW_SYM,LOW_SYM,True,True
65531,[H]C#C[C@@]12[C@@]3([H])[C@]1([H])[C@]1([H])[C@@]3([H])[C@@]12O[H],6.0,Cs,2,C1,1,0.5,False,False,1,LOW_SYM,LOW_SYM,True,True
31633,[H]Oc1nc([H])c([H])c(N([H])C([H])([H])[H])n1,7.0,C1,1,Cs,2,0.5,False,False,1,LOW_SYM,LOW_SYM,True,True
24627,[H][N-]c1n([H])c2nc([H])oc2[n+]1[H],8.0,Cs,2,C1,1,0.5,False,False,1,LOW_SYM,LOW_SYM,True,True
14175,[H][N-]C1O[C@@]2([H])[C@@]([H])(O1)[C@@]2([H])C([H])([H])[H],6.0,Cs,2,C1,1,0.5,False,False,1,LOW_SYM,LOW_SYM,True,True
126437,[H]c1c(C([H])([H])[H])nn(C([H])([H])[H])c1N([H])C([H])([H])[H],7.0,Cs,2,C1,1,0.5,False,False,1,LOW_SYM,LOW_SYM,True,True
126014,[H][N-][C+]([H])Oc1nnn(C([H])([H])[H])n1,7.0,C1,1,Cs,2,0.5,False,False,1,LOW_SYM,LOW_SYM,True,True
75270,[H]C#C[C@]1(C([H])=O)[C@@]([H])(O[H])[C@@]1([H])O[H],6.0,C1,1,Cs,2,0.5,False,False,1,LOW_SYM,LOW_SYM,True,True
4314,[H]c1nc(N([H])[H])nc(C([H])([H])[H])n1,5.0,C1,1,Cs,2,0.5,False,False,1,LOW_SYM,LOW_SYM,True,True
365,[H]C([H])([H])[NH2+]C(OC([H])([H])[H])C([H])([H])[H],4.0,C1,1,Cs,2,0.5,False,False,1,LOW_SYM,LOW_SYM,True,True
24775,[H]c1oc(=O)oc1C([H])([H])C#N,7.0,C1,1,Cs,2,0.5,False,False,1,LOW_SYM,LOW_SYM,True,True
31763,[H]Oc1c([H])nc([H])nc1N([H])C([H])([H])[H],7.0,C1,1,Cs,2,0.5,False,False,1,LOW_SYM,LOW_SYM,True,True
122475,[H]N([H])c1noc(C#CC([H])([H])[H])n1,8.0,Cs,2,C1,1,0.5,False,False,1,LOW_SYM,LOW_SYM,True,True
259,[H]C([H])([H])C(=O)C([H])([H])C([H])([H])C([H])([H])[H],3.0,C1,1,Cs,2,0.5,False,False,1,LOW_SYM,LOW_SYM,True,True
118859,[H]C#C[C@]1([H])C([H])([H])[C@@]([H])(C([H])([H])OC([H])([H])[H])C1([H])[H],6.0,Cs,2,C1,1,0.5,False,False,1,LOW_SYM,LOW_SYM,True,True
115778,[H]/C(=N\C([H])([H])[H])N([H])C(=O)OC([H])([H])C([H])([H])[H],7.0,C1,1,Cs,2,0.5,False,False,1,LOW_SYM,LOW_SYM,True,True
24380,[H]c1nc(N2C([H])([H])C2([H])[H])c([H])c([H])c1[H],8.0,Cs,2,C1,1,0.5,False,False,1,LOW_SYM,LOW_SYM,True,True
111468,[H]O[C@@]1([H])[C@@]([H])(C([H])([H])C([H])([H])[H])C([H])([H])[C@@]1([H])C([H])([H])C([H])([H])[H],4.0,Cs,2,C1,1,0.5,False,False,1,LOW_SYM,LOW_SYM,True,True
9632,[H]C#CC1(C([H])([H])[H])OC([H])([H])C([H])([H])O1,5.0,C1,1,Cs,2,0.5,False,False,1,LOW_SYM,LOW_SYM,True,True
126178,[H]c1nc(N([H])[H])n[n+]([H])c1NC([H])([H])[H],7.0,C1,1,Cs,2,0.5,False,False,1,LOW_SYM,LOW_SYM,True,True
21334,[H][N-]C1=C(N([H])[H])C([H])=NNO1,7.0,C1,1,Cs,2,0.5,False,False,1,LOW_SYM,LOW_SYM,True,True
63139,[H]C([H])([H])C1(C([H])([H])[H])[NH2+]C(C#N)OC1([H])[H],7.0,C1,1,Cs,2,0.5,False,False,1,LOW_SYM,LOW_SYM,True,True
65387,[H]C(=O)C1(C([H])([H])[H])C([H])([H])OC([H])([H])OC1([H])[H],5.0,C1,1,Cs,2,0.5,False,False,1,LOW_SYM,LOW_SYM,True,True
25576,[H]c1c(C([H])([H])[H])c([H])n(C(=O)C([H])([H])[H])c1[H],6.0,C1,1,Cs,2,0.5,False,False,1,LOW_SYM,LOW_SYM,True,True
28469,[H]c1c([H])c(N([H])[H])c(C([H])([H])[H])c(N([H])[H])c1[H],5.0,C1,1,Cs,2,0.5,False,False,1,LOW_SYM,LOW_SYM,True,True
56680,[H]C#CC#CC(C([H])=O)(C([H])([H])[H])C([H])([H])[H],6.0,Cs,2,C1,1,0.5,False,False,1,LOW_SYM,LOW_SYM,True,True
106575,[H]OC([H])([H])[C@]12O[C@]3([H])C([H])([H])[C@@]1([H])[C@@]2([H])C3([H])[H],5.0,Cs,2,C1,1,0.5,False,False,1,LOW_SYM,LOW_SYM,True,True
109150,[H]C1=C([H])[C@]2([H])[N@H+](C([H])([H])[H])[C@@]1([H])[C@]2([H])C([H])([H])C([H])([H])[H],6.0,Cs,2,C1,1,0.5,False,False,1,LOW_SYM,LOW_SYM,True,True
27034,[H][N-]C1=C([H])C(C([H])([H])[H])=C([H])NC([H])=N1,6.0,Cs,2,C1,1,0.5,False,False,1,LOW_SYM,LOW_SYM,True,True
27407,[H]c1c(C([H])([H])[H])oc(=O)c([H])c1N([H])[H],7.0,C1,1,Cs,2,0.5,False,False,1,LOW_SYM,LOW_SYM,True,True
77873,[H]C1=C([H])[C@]2(C([H])([H])[H])[C@@]3([H])[N@@H+](C([H])([H])[H])[C@]2([H])[C@@]13[H],7.0,Cs,2,C1,1,0.5,False,False,1,LOW_SYM,LOW_SYM,True,True
95428,[H]C([H])([H])[NH2+]C1OC(=O)N(C([H])([H])[H])C1([H])[H],6.0,C1,1,Cs,2,0.5,False,False,1,LOW_SYM,LOW_SYM,True,True
73,[H]N(C(=O)C([H])([H])[H])C([H])([H])[H],3.0,C1,1,Cs,2,0.5,False,False,1,LOW_SYM,LOW_SYM,True,True
36900,[H]C1([H])C([H])([H])C([H])([H])[C@]2([H])[C@]3([H])O[C@]3([H])[C@]2([H])C1([H])[H],6.0,Cs,2,C1,1,0.5,False,False,1,LOW_SYM,LOW_SYM,True,True
2344,[H]C([H])([H])C([H])(C([H])([H])[H])C1([H])C([H])([H])OC1([H])[H],5.0,C1,1,Cs,2,0.5,False,False,1,LOW_SYM,LOW_SYM,True,True
14614,[H][C+]([NH2+]C([H])([H])[H])OC([H])([H])C([H])([H])C([H])([H])C([H])([H])[H],6.0,C1,1,Cs,2,0.5,False,False,1,LOW_SYM,LOW_SYM,True,True
4972,[H][N-]c1n[c+]([H])oc([H])c1N([H])[H],7.0,Cs,2,C1,1,0.5,False,False,1,LOW_SYM,LOW_SYM,True,True
9007,[H]C([H])([H])[NH2+]C(OC([H])([H])C#N)C([H])([H])[H],5.0,C1,1,Cs,2,0.5,False,False,1,LOW_SYM,LOW_SYM,True,True
32271,[H]Oc1c([H])c([H])n([H])c1C([H])([H])OC([H])([H])[H],6.0,Cs,2,C1,1,0.5,False,False,1,LOW_SYM,LOW_SYM,True,True
35753,[H]C([H])(C#N)[N@H+]1[C@@]2([H])C([H])([H])C([H])([H])C([H])([H])[C@@]12[H],6.0,Cs,2,C1,1,0.5,False,False,1,LOW_SYM,LOW_SYM,True,True
20748,[H]OC([H])([H])c1nnn(C([H])([H])[H])c1[H],7.0,C1,1,Cs,2,0.5,False,False,1,LOW_SYM,LOW_SYM,True,True
2686,[H]C(=O)C([H])([H])OC([H])([H])C([H])([H])C([H])([H])[H],4.0,C1,1,Cs,2,0.5,False,False,1,LOW_SYM,LOW_SYM,True,True
131192,[H]c1nc(F)nc(N([H])C([H])([H])[H])n1,6.0,C1,1,Cs,2,0.5,False,False,1,LOW_SYM,LOW_SYM,True,True
107435,[H]OC([H])([H])C1=C([H])[C@]2([H])C([H])([H])[C@]([H])(C1([H])[H])C2([H])[H],6.0,C1,1,Cs,2,0.5,False,False,1,LOW_SYM,LOW_SYM,True,True
51658,[H]C#CC([H])([H])C([H])([H])C#CC#CC([H])([H])[H],5.0,C1,1,Cs,2,0.5,False,False,1,LOW_SYM,LOW_SYM,True,True
7401,[H]OC1(C#CC([H])([H])[H])C([H])([H])C([H])([H])C1([H])[H],6.0,Cs,2,C1,1,0.5,False,False,1,LOW_SYM,LOW_SYM,True,True
35859,[H]C#CC([H])([H])[N@@H+]1C([H])([H])[C@]2([H])O[C@]2([H])C1([H])[H],6.0,Cs,2,C1,1,0.5,False,False,1,LOW_SYM,LOW_SYM,True,True
124595,[H]C(=O)n1nnc(C([H])([H])C([H])([H])[H])c1[H],8.0,C1,1,Cs,2,0.5,False,False,1,LOW_SYM,LOW_SYM,True,True
25588,[H]Oc1nc([H])n(C(=O)N([H])[H])c1[H],8.0,Cs,2,C1,1,0.5,False,False,1,LOW_SYM,LOW_SYM,True,True
9025,[H]C([H])([H])C([H])([H])C#CC(=O)C([H])([H])C([H])([H])[H],5.0,C1,1,Cs,2,0.5,False,False,1,LOW_SYM,LOW_SYM,True,True
44871,[H]C1([H])N=C(C2([H])C([H])([H])C2([H])[H])OC1=O,8.0,C1,1,Cs,2,0.5,False,False,1,LOW_SYM,LOW_SYM,True,True
115341,[H]C([H])([H])OC([H])([H])C#CC([H])([H])[NH+]1C([H])([H])C1([H])[H],7.0,Cs,2,C1,1,0.5,False,False,1,LOW_SYM,LOW_SYM,True,True
7511,[H]OC(=O)C1(N([H])[H])C([H])([H])N([H])C1([H])[H],5.0,Cs,2,C1,1,0.5,False,False,1,LOW_SYM,LOW_SYM,True,True
28659,[H]c1nc([H])c([H])c(=O)c(N([H])[H])c1[H],6.0,C1,1,Cs,2,0.5,False,False,1,LOW_SYM,LOW_SYM,True,True
30278,[H]Oc1c(C([H])([H])[H])c(N([H])C([H])([H])[H])n([H])c1[H],5.0,Cs,2,C1,1,0.5,False,False,1,LOW_SYM,LOW_SYM,True,True
5897,[H]C(=O)N([H])C(C([H])([H])[H])(C([H])([H])[H])C([H])([H])C([H])([H])[H],5.0,C1,1,Cs,2,0.5,False,False,1,LOW_SYM,LOW_SYM,True,True
32217,[H]c1nc([H])n([H])c1N[C+]([H])OC([H])([H])[H],7.0,Cs,2,C1,1,0.5,False,False,1,LOW_SYM,LOW_SYM,True,True
123385,[H]/N=C(\[H])N([H])c1nnoc1C([H])([H])[H],8.0,Cs,2,C1,1,0.5,False,False,1,LOW_SYM,LOW_SYM,True,True
121586,[H]OC([H])([H])C([H])([H])C([H])([H])C([H])([H])C([H])([H])OC([H])([H])C([H])([H])[H],4.0,C1,1,Cs,2,0.5,False,False,1,LOW_SYM,LOW_SYM,True,True
97170,[H]C([H])([H])OC(=O)[C@]1([H])[C@]([H])(C([H])([H])[H])[C@]1([H])C([H])([H])[H],6.0,C1,1,Cs,2,0.5,False,False,1,LOW_SYM,LOW_SYM,True,True
119811,[H]C(=O)N(/C([H])=N/C([H])([H])C([H])([H])C([H])([H])[H])C([H])([H])[H],7.0,C1,1,Cs,2,0.5,False,False,1,LOW_SYM,LOW_SYM,True,True
113627,[H]OC([H])([H])C1([H])C([H])([H])OC(=O)OC1([H])[H],5.0,Cs,2,C1,1,0.5,False,False,1,LOW_SYM,LOW_SYM,True,True
5022,[H]c1c(C([H])([H])[H])c(C([H])([H])[H])c(N([H])[H])n1[H],5.0,C1,1,Cs,2,0.5,False,False,1,LOW_SYM,LOW_SYM,True,True
5940,[H]OC([H])([H])C(C([H])([H])[H])(C([H])([H])[H])C([H])([H])OC([H])([H])[H],4.0,C1,1,Cs,2,0.5,False,False,1,LOW_SYM,LOW_SYM,True,True
3037,[H]C([H])([H])C([H])([H])C#CC1([H])C([H])([H])C1([H])[H],4.0,Cs,2,C1,1,0.5,False,False,1,LOW_SYM,LOW_SYM,True,True
41389,[H]C1=C(\[H])C([H])([H])OC([H])([H])OC([H])([H])/C=C\1,5.0,C2,2,C1,1,0.5,False,False,1,C2,LOW_SYM,False,False
128032,[H]C(=O)Oc1nn([H])c(N([H])[H])c1[H],8.0,Cs,2,C1,1,0.5,False,False,1,LOW_SYM,LOW_SYM,True,True
25375,[H]c1nc(C([H])([H])C#CC([H])([H])[H])n([H])c1[H],8.0,C1,1,Cs,2,0.5,False,False,1,LOW_SYM,LOW_SYM,True,True
58882,[H]C1=C(NC([H])(C([H])([H])[H])C([H])([H])[H])OC([H])([H])[C-]1[H],7.0,C1,1,Cs,2,0.5,False,False,1,LOW_SYM,LOW_SYM,True,True
127661,[H]c1nn(C([H])([H])C(=O)N([H])[H])nc1[H],7.0,C1,1,Cs,2,0.5,False,False,1,LOW_SYM,LOW_SYM,True,True
8908,[H]C#CC(=O)C([H])([H])C#CC([H])([H])[H],5.0,C1,1,Cs,2,0.5,False,False,1,LOW_SYM,LOW_SYM,True,True
4528,[H]c1nc(C([H])([H])[H])c([H])nc1N([H])[H],6.0,Cs,2,C1,1,0.5,False,False,1,LOW_SYM,LOW_SYM,True,True
37848,[H][C-]1[C@@H]2C([H])([H])[C@@]3([H])[N@@H+]4[C@]([H])([C@]1([H])C3([H])[H])[C@]24[H],6.0,Cs,2,C1,1,0.5,False,False,1,LOW_SYM,LOW_SYM,True,True
6979,[H][N-]C(C#CC([H])([H])[H])OC([H])=O,6.0,C1,1,Cs,2,0.5,False,False,1,LOW_SYM,LOW_SYM,True,True
26744,[H]C(=O)N([H])c1oc([H])c([H])c1C([H])([H])[H],6.0,Cs,2,C1,1,0.5,False,False,1,LOW_SYM,LOW_SYM,True,True
29484,[H]Oc1c(C#N)c([H])c([H])n1C([H])([H])[H],6.0,Cs,2,C1,1,0.5,False,False,1,LOW_SYM,LOW_SYM,True,True
107206,[H][N-]C1OC(=O)C([H])=C1C([H])([H])O[H],6.0,C1,1,Cs,2,0.5,False,False,1,LOW_SYM,LOW_SYM,True,True
127868,[H]c1nn([H])c(N2C([H])([H])C2([H])[H])c1N([H])[H],8.0,Cs,2,C1,1,0.5,False,False,1,LOW_SYM,LOW_SYM,True,True
127481,[H][N-]C1=C([H])C([H])=C([N-][H])C([H])=NO1,7.0,C1,1,Cs,2,0.5,False,False,1,LOW_SYM,LOW_SYM,True,True
23920,[H]C1=C([H])[C@@H]2[N@@H+]3[C@H]1C([H])=C([H])[C@]3([H])C2([H])[H],5.0,Cs,2,C1,1,0.5,False,False,1,LOW_SYM,LOW_SYM,True,True
6272,[H]N([H])C(=O)OC([NH2+]C([H])([H])[H])C([H])([H])[H],5.0,C1,1,Cs,2,0.5,False,False,1,LOW_SYM,LOW_SYM,True,True
11711,[H]C([H])([H])N1C(=O)C2(C1([H])[H])C([H])([H])C2([H])[H],6.0,C1,1,Cs,2,0.5,False,False,1,LOW_SYM,LOW_SYM,True,True
123571,[H]C(=O)Oc1noc(C([H])([H])[H])c1[H],7.0,Cs,2,C1,1,0.5,False,False,1,LOW_SYM,LOW_SYM,True,True
11780,[H]C1([H])OC2(C([H])([H])C1=O)C([H])([H])C2([H])[H],5.0,Cs,2,C1,1,0.5,False,False,1,LOW_SYM,LOW_SYM,True,True
1053,[H]OC([H])([H])c1nc([H])c([H])o1,6.0,C1,1,Cs,2,0.5,False,False,1,LOW_SYM,LOW_SYM,True,True
22205,[H]C#C/C(=N\O[H])C([H])([H])C#CC([H])([H])[H],6.0,C1,1,Cs,2,0.5,False,False,1,LOW_SYM,LOW_SYM,True,True
21368,[H]N([H])c1nnoc(=O)n1,7.0,C1,1,Cs,2,0.5,False,False,1,LOW_SYM,LOW_SYM,True,True
522,[H]C#CC([H])([H])C([H])([H])C([H])([H])C([H])([H])[H],3.0,C1,1,Cs,2,0.5,False,False,1,LOW_SYM,LOW_SYM,True,True
95920,[H]/C(=N\C([H])([H])[H])N([H])C(=O)N1C([H])([H])C1([H])[H],7.0,Cs,2,C1,1,0.5,False,False,1,LOW_SYM,LOW_SYM,True,True
130499,[H]Oc1nc(F)nc(C([H])([H])[H])n1,6.0,C1,1,Cs,2,0.5,False,False,1,LOW_SYM,LOW_SYM,True,True
123384,[H]/N=C(\[H])N([H])c1nnn([H])c1C([H])([H])[H],8.0,Cs,2,C1,1,0.5,False,False,1,LOW_SYM,LOW_SYM,True,True
29588,[H]c1c2c(n(C([H])([H])[H])c1[H])OC([H])([H])O2,7.0,Cs,2,C1,1,0.5,False,False,1,LOW_SYM,LOW_SYM,True,True
127184,[H][C+](NN)C(=O)OC([H])([H])C#N,6.0,C1,1,Cs,2,0.5,False,False,1,LOW_SYM,LOW_SYM,True,True
28408,[H][N-]C1=C([H])N=C(C([H])([H])[H])NC([H])=C1[H],6.0,Cs,2,C1,1,0.5,False,False,1,LOW_SYM,LOW_SYM,True,True
1703,[H]OC1(C#N)C([H])([H])OC1([H])[H],4.0,Cs,2,C1,1,0.5,False,False,1,LOW_SYM,LOW_SYM,True,True
25561,[H]c1oc(N([H])[H])nc1C(=O)N([H])[H],8.0,Cs,2,C1,1,0.5,False,False,1,LOW_SYM,LOW_SYM,True,True
64090,[H]OC1(C2(C([H])=O)C([H])([H])C2([H])[H])C([H])([H])C1([H])[H],5.0,C1,1,Cs,2,0.5,False,False,1,LOW_SYM,LOW_SYM,True,True
25667,[H][N-]C(Oc1nc([H])oc1[H])C([H])([H])[H],7.0,C1,1,Cs,2,0.5,False,False,1,LOW_SYM,LOW_SYM,True,True
83175,[H][N-]C1[NH+](C([H])([H])[H])[C+]([H])[NH2+]C12C([H])([H])C2([H])[H],6.0,C1,1,Cs,2,0.5,False,False,1,LOW_SYM,LOW_SYM,True,True
67085,[H]C(=O)[C@]12C([H])([H])C([H])([H])[C@](C([H])([H])[H])(C1([H])[H])C2([H])[H],5.0,Cs,2,C1,1,0.5,False,False,1,LOW_SYM,LOW_SYM,True,True
43999,[H]C#C[C@]12C([N-][H])O[C@]([H])(C1([H])[H])C2([H])[H],6.0,C1,1,Cs,2,0.5,False,False,1,LOW_SYM,LOW_SYM,True,True
62425,[H]OC1(C([H])=O)C([H])([H])C(C([H])([H])[H])(C([H])([H])[H])C1([H])[H],6.0,C1,1,Cs,2,0.5,False,False,1,LOW_SYM,LOW_SYM,True,True
115364,[H]C#CC#CC(=O)C([H])([H])C([H])([H])C([H])([H])[H],6.0,C1,1,Cs,2,0.5,False,False,1,LOW_SYM,LOW_SYM,True,True
345,[H]C#CC(=O)N([H])C([H])([H])[H],4.0,C1,1,Cs,2,0.5,False,False,1,LOW_SYM,LOW_SYM,True,True
47830,[H]C1=C([H])[C@]2(C([H])=O)C([H])([H])[N@H+](C1([H])[H])C2([H])[H],6.0,Cs,2,C1,1,0.5,False,False,1,LOW_SYM,LOW_SYM,True,True
27334,[H]C#Cc1oc(O[H])nc1N([H])[H],8.0,Cs,2,C1,1,0.5,False,False,1,LOW_SYM,LOW_SYM,True,True
130906,[H]c1nc(F)c(F)c(N([H])[H])c1[H],6.0,Cs,2,C1,1,0.5,False,False,1,LOW_SYM,LOW_SYM,True,True
28266,[H]C#CC([H])([H])c1nc([H])c(C([H])([H])[H])n1[H],7.0,C1,1,Cs,2,0.5,False,False,1,LOW_SYM,LOW_SYM,True,True
126344,[H]C#Cc1c([H])nn([H])c1N([H])C([H])([H])[H],8.0,Cs,2,C1,1,0.5,False,False,1,LOW_SYM,LOW_SYM,True,True
11260,[H]C1=C(C([H])([H])C([H])([H])[H])C([H])([H])C(=O)C1([H])[H],5.0,Cs,2,C1,1,0.5,False,False,1,LOW_SYM,LOW_SYM,True,True
66951,[H][N-]C1O[C@]2(C([H])([H])[H])C([H])([H])[C@@]1(C([H])([H])[H])C2([H])[H],6.0,C1,1,Cs,2,0.5,False,False,1,LOW_SYM,LOW_SYM,True,True
128137,[H]/N=C(\[H])N([H])c1noc([H])c1N([H])[H],7.0,Cs,2,C1,1,0.5,False,False,1,LOW_SYM,LOW_SYM,True,True
88484,[H]C([H])([H])N1C(=O)OC2(C1([H])[H])C([H])([H])C2([H])[H],8.0,Cs,2,C1,1,0.5,False,False,1,LOW_SYM,LOW_SYM,True,True
131323,[H]c1nc(=O)n(C([H])([H])[H])nc1F,8.0,C1,1,Cs,2,0.5,False,False,1,LOW_SYM,LOW_SYM,True,True
28238,[H]C#Cc1nc([H])c(N([H])[H])c([H])c1[H],7.0,Cs,2,C1,1,0.5,False,False,1,LOW_SYM,LOW_SYM,True,True
25206,[H][N-][C+]([H])Oc1c([H])oc(=O)n1[H],6.0,Cs,2,C1,1,0.5,False,False,1,LOW_SYM,LOW_SYM,True,True
50201,[H][N-][C+]([H])OC1(C#N)C([H])([H])C([H])([H])C1([H])[H],7.0,Cs,2,C1,1,0.5,False,False,1,LOW_SYM,LOW_SYM,True,True
125889,[H]c1oc2c(c([H])nn2C([H])([H])[H])c1[H],7.0,Cs,2,C1,1,0.5,False,False,1,LOW_SYM,LOW_SYM,True,True
48953,[H]C(=O)N1C([H])=C([H])C([H])=C([H])C([H])=C1[H],6.0,Cs,2,C1,1,0.5,False,False,1,LOW_SYM,LOW_SYM,True,True
32442,[H]c1nc(OC([H])([H])C([H])([H])[H])oc1N([H])[H],7.0,C1,1,Cs,2,0.5,False,False,1,LOW_SYM,LOW_SYM,True,True
29215,[H][N-]c1oc(O[H])c(N([H])[H])[n+]1C([H])([H])[H],8.0,Cs,2,C1,1,0.5,False,False,1,LOW_SYM,LOW_SYM,True,True
45415,[H]C#CC1(C#C[H])C(=O)C([H])([H])C1([H])[H],5.0,Cs,2,C1,1,0.5,False,False,1,LOW_SYM,LOW_SYM,True,True
131142,[H]C1=C([H])C([H])=C(F)C([NH2+]C([H])([H])[H])O1,7.0,C1,1,Cs,2,0.5,False,False,1,LOW_SYM,LOW_SYM,True,True
124936,[H]c1onc(OC([H])([H])C([H])([H])C([H])([H])[H])c1[H],7.0,C1,1,Cs,2,0.5,False,False,1,LOW_SYM,LOW_SYM,True,True
73351,[H]N([H])C1[NH2+]C2(C([H])([H])O1)C([H])([H])OC2([H])[H],7.0,C1,1,Cs,2,0.5,False,False,1,LOW_SYM,LOW_SYM,True,True
4245,[H][N-]C1=C([H])C(O[H])OC([H])=N1,7.0,C1,1,Cs,2,0.5,False,False,1,LOW_SYM,LOW_SYM,True,True
123306,[H]C(=O)C([H])([H])c1c(C([H])([H])[H])nnn1[H],7.0,Cs,2,C1,1,0.5,False,False,1,LOW_SYM,LOW_SYM,True,True
129610,[H]Oc1noc(OC([H])=O)c1[H],8.0,Cs,2,C1,1,0.5,False,False,1,LOW_SYM,LOW_SYM,True,True
118164,[H]N1C(=O)C([H])([H])N=C1C([H])([H])C([H])([H])C([H])([H])[H],7.0,C1,1,Cs,2,0.5,False,False,1,LOW_SYM,LOW_SYM,True,True
131105,[H]c1c(NC([H])([H])[H])nc([H])[n+]([H])c1F,7.0,C1,1,Cs,2,0.5,False,False,1,LOW_SYM,LOW_SYM,True,True
128268,[H]C1=C([H])C([H])([H])n2nc(N([H])[H])c([H])c21,6.0,Cs,2,C1,1,0.5,False,False,1,LOW_SYM,LOW_SYM,True,True
101175,[H]N([H])C(=O)N([H])C([H])(C([H])([H])C([H])([H])[H])C([H])([H])C([H])([H])[H],6.0,C1,1,Cs,2,0.5,False,False,1,LOW_SYM,LOW_SYM,True,True
34,[H]C(=O)C([H])([H])C([H])([H])[H],2.0,Cs,2,C1,1,0.5,False,False,1,LOW_SYM,LOW_SYM,True,True
28429,[H]c1nc([H])c(=O)c([H])nc1N([H])[H],6.0,C1,1,Cs,2,0.5,False,False,1,LOW_SYM,LOW_SYM,True,True
106245,[H]C([H])([H])O[C@@]12C([H])([H])[N@H+]3[C@@]([H])(C1([H])[H])[C@@]3([H])C2([H])[H],7.0,Cs,2,C1,1,0.5,False,False,1,LOW_SYM,LOW_SYM,True,True
123720,[H][N-]c1nc(C([H])([H])[H])c(N([H])[H])n[n+]1[H],7.0,Cs,2,C1,1,0.5,False,False,1,LOW_SYM,LOW_SYM,True,True
107146,[H]C(=O)C1=C(N([H])C([H])([H])[H])C([H])([H])OC1([H])[H],7.0,Cs,2,C1,1,0.5,False,False,1,LOW_SYM,LOW_SYM,True,True
3826,[H]Oc1noc(N([H])[H])c1[H],6.0,Cs,2,C1,1,0.5,False,False,1,LOW_SYM,LOW_SYM,True,True
76308,[H]O[C@]1([H])[C@@]2(C([H])([H])[H])O[C@]1(C([H])([H])[H])C([H])=C2[H],5.0,Cs,2,C1,1,0.5,False,False,1,LOW_SYM,LOW_SYM,True,True
11223,[H]N1C(=O)C([H])([H])C([H])([H])C1[NH2+]C([H])([H])[H],5.0,C1,1,Cs,2,0.5,False,False,1,LOW_SYM,LOW_SYM,True,True
53071,[H]N([H])C(=O)C(C#N)(C#N)C([H])([H])[H],5.0,Cs,2,C1,1,0.5,False,False,1,LOW_SYM,LOW_SYM,True,True
23900,[H]c1c([H])c([H])n(C([H])([H])C2([H])C([H])([H])C2([H])[H])c1[H],7.0,Cs,2,C1,1,0.5,False,False,1,LOW_SYM,LOW_SYM,True,True
123910,[H]C#CC([H])([H])c1nc(C([H])([H])[H])nn1[H],6.0,C1,1,Cs,2,0.5,False,False,1,LOW_SYM,LOW_SYM,True,True
115217,[H]C#CC(=O)C#CC([H])([H])OC([H])([H])[H],6.0,C1,1,Cs,2,0.5,False,False,1,LOW_SYM,LOW_SYM,True,True
28636,[H]c1nc([H])c(=O)c(N([H])[H])c([H])c1[H],7.0,C1,1,Cs,2,0.5,False,False,1,LOW_SYM,LOW_SYM,True,True
52866,[H]C(=O)C#CC#CC(=O)C([H])([H])[H],5.0,Cs,2,C1,1,0.5,False,False,1,LOW_SYM,LOW_SYM,True,True
3040,[H]OC([H])([H])C#CC1([H])C([H])([H])C1([H])[H],5.0,Cs,2,C1,1,0.5,False,False,1,LOW_SYM,LOW_SYM,True,True
128291,[H]c1nn2c(N([H])[H])nnc2o1,7.0,Cs,2,C1,1,0.5,False,False,1,LOW_SYM,LOW_SYM,True,True
31265,[H]OC([H])([H])c1nc(N([H])C([H])([H])[H])n([H])c1[H],7.0,Cs,2,C1,1,0.5,False,False,1,LOW_SYM,LOW_SYM,True,True
131628,[H]OC1(C(F)(F)F)C([H])([H])C([H])([H])C1([H])[H],7.0,Cs,2,C1,1,0.5,False,False,1,LOW_SYM,LOW_SYM,True,True
1918,[H]O[C@]12C([H])([H])C([H])([H])[C@]([H])(C1([H])[H])C2([H])[H],5.0,Cs,2,C1,1,0.5,False,False,1,LOW_SYM,LOW_SYM,True,True
38063,[H]C1([H])[C@@]2([H])C([H])([H])[C@@]3([H])O[C@]1([H])[C@@]1([H])[C@]2([H])[C@]13[H],5.0,Cs,2,D1d,3,0.5,False,False,1,LOW_SYM,D1d,False,False
26893,[H]c1oc(C([H])([H])[H])c2c1C([H])([H])C([H])([H])O2,6.0,Cs,2,C1,1,0.5,False,False,1,LOW_SYM,LOW_SYM,True,True
127454,[H]C#CC([H])([H])[n+]1nc([H])oc1[N-][H],7.0,Cs,2,C1,1,0.5,False,False,1,LOW_SYM,LOW_SYM,True,True
75413,[H]C#CC(=O)[C@@]1([H])[C@@]([H])(O[H])[C@@]1([H])O[H],7.0,C1,1,Cs,2,0.5,False,False,1,LOW_SYM,LOW_SYM,True,True
47252,[H]C(=O)C#CC([H])([H])C1([H])C([H])([H])C([H])([H])C1([H])[H],6.0,Cs,2,C1,1,0.5,False,False,1,LOW_SYM,LOW_SYM,True,True
103957,[H]C1=C([H])C([H])([H])C(C#N)(C([H])([H])C([H])([H])[H])C1([H])[H],6.0,Cs,2,C1,1,0.5,False,False,1,LOW_SYM,LOW_SYM,True,True
120623,[H]C([H])([H])C([H])([H])OC([H])([H])[C@]12C([H])([H])[C@]([H])(C1([H])[H])C2([H])[H],6.0,C1,1,Cs,2,0.5,False,False,1,LOW_SYM,LOW_SYM,True,True
20795,[H]Oc1nn(C([H])([H])[H])c(C([H])([H])[H])c1[H],7.0,Cs,2,C1,1,0.5,False,False,1,LOW_SYM,LOW_SYM,True,True
131462,[H]N([H])c1nc(F)c(=O)n([H])n1,8.0,Cs,2,C1,1,0.5,False,False,1,LOW_SYM,LOW_SYM,True,True
7192,[H]/N=C(\[H])N([H])C(=O)C([H])(C([H])([H])[H])C([H])([H])[H],6.0,Cs,2,C1,1,0.5,False,False,1,LOW_SYM,LOW_SYM,True,True
109824,[H]C([H])([H])C([H])([H])[C@]1([H])[C@]2([H])C([H])([H])[C@]2([H])[C@]2([H])C([H])([H])[C@]12[H],5.0,Cs,2,C1,1,0.5,False,False,1,LOW_SYM,LOW_SYM,True,True
27324,[H]N([H])c1nc(C([H])([H])[H])n([H])c1C#N,7.0,Cs,2,C1,1,0.5,False,False,1,LOW_SYM,LOW_SYM,True,True
131448,[H]N([H])c1nc(=O)n([H])nc1F,8.0,C1,1,Cs,2,0.5,False,False,1,LOW_SYM,LOW_SYM,True,True
1182,[H]OC([H])([H])C(C([H])([H])[H])(C([H])([H])[H])C([H])([H])C([H])([H])[H],4.0,C1,1,Cs,2,0.5,False,False,1,LOW_SYM,LOW_SYM,True,True
30938,[H]c1nc(C([H])([H])C([H])([H])[H])nc(=O)n1[H],7.0,C1,1,Cs,2,0.5,False,False,1,LOW_SYM,LOW_SYM,True,True
97498,[H]C#CC(=O)N([H])/C(=N\[H])N([H])C([H])([H])[H],6.0,C1,1,Cs,2,0.5,False,False,1,LOW_SYM,LOW_SYM,True,True
26574,[H]Oc1c(C([H])=O)c(N([H])[H])c([H])n1[H],6.0,Cs,2,C1,1,0.5,False,False,1,LOW_SYM,LOW_SYM,True,True
31885,[H]C#Cc1nc(C([H])([H])C([H])([H])[H])c([H])o1,8.0,C1,1,Cs,2,0.5,False,False,1,LOW_SYM,LOW_SYM,True,True
128165,[H]Oc1nc(N([H])[H])n(C([H])=O)n1,7.0,Cs,2,C1,1,0.5,False,False,1,LOW_SYM,LOW_SYM,True,True
119940,[H]/N=C(/C(=O)C([H])([H])C([H])([H])OC([H])([H])[H])N([H])[H],7.0,C1,1,Cs,2,0.5,False,False,1,LOW_SYM,LOW_SYM,True,True
32506,[H]c1nc([H])c(OC([H])([H])C([H])([H])[H])c([H])c1[H],7.0,C1,1,Cs,2,0.5,False,False,1,LOW_SYM,LOW_SYM,True,True
31716,[H]OC([H])([H])c1c([H])c([H])nc([H])c1C([H])([H])[H],7.0,C1,1,Cs,2,0.5,False,False,1,LOW_SYM,LOW_SYM,True,True
26588,[H]c1nc(C2([H])C([H])([H])C2([H])[H])c(C([H])([H])[H])o1,8.0,C1,1,Cs,2,0.5,False,False,1,LOW_SYM,LOW_SYM,True,True
275,[H]C([H])([H])OC([H])([H])C([H])(C([H])([H])[H])C([H])([H])[H],4.0,Cs,2,C1,1,0.5,False,False,1,LOW_SYM,LOW_SYM,True,True
115397,[H]C([H])([H])C([H])([H])C([H])([H])C(=O)C(=O)C#N,6.0,C1,1,Cs,2,0.5,False,False,1,LOW_SYM,LOW_SYM,True,True
126089,[H]c1nn([H])nc1/C(=N/C([H])([H])[H])N([H])[H],6.0,C1,1,Cs,2,0.5,False,False,1,LOW_SYM,LOW_SYM,True,True
26246,[H]c1c(N([H])[H])c(C([H])([H])[H])c(=O)n([H])c1[H],6.0,C1,1,Cs,2,0.5,False,False,1,LOW_SYM,LOW_SYM,True,True
89097,[H]C(=O)N1[C@@]2([H])C([H])([H])[C@]([H])(C([H])([H])[H])C([H])([H])[C@@]12[H],7.0,Cs,2,C1,1,0.5,False,False,1,LOW_SYM,LOW_SYM,True,True
95623,[H][N-]C1[NH+](C([H])([H])[H])C([NH2+]C([H])([H])[H])OC1([H])[H],6.0,C1,1,Cs,2,0.5,False,False,1,LOW_SYM,LOW_SYM,True,True
128432,[H]N([H])c1noc(=O)c(N([H])[H])n1,7.0,Cs,2,C1,1,0.5,False,False,1,LOW_SYM,LOW_SYM,True,True
30382,[H]Oc1c([H])c(C([H])([H])[H])c(N([H])C([H])([H])[H])n1[H],5.0,Cs,2,C1,1,0.5,False,False,1,LOW_SYM,LOW_SYM,True,True
124655,[H]n1c(C([H])([H])C([H])([H])[H])nn(C([H])([H])[H])c1=O,7.0,Cs,2,C1,1,0.5,False,False,1,LOW_SYM,LOW_SYM,True,True
96889,[H]C([H])([H])OC(=O)N(C([H])([H])[H])C1([H])C([H])([H])C1([H])[H],8.0,Cs,2,C1,1,0.5,False,False,1,LOW_SYM,LOW_SYM,True,True
28511,[H]Oc1c(N([H])[H])c([H])c([H])c([H])c1N([H])[H],5.0,C1,1,Cs,2,0.5,False,False,1,LOW_SYM,LOW_SYM,True,True
30931,[H]OC([H])([H])c1nc(=O)nc([H])o1,6.0,C1,1,Cs,2,0.5,False,False,1,LOW_SYM,LOW_SYM,True,True
7056,[H]C(=O)N([H])C(=O)OC([H])([H])C([H])([H])[H],5.0,C1,1,Cs,2,0.5,False,False,1,LOW_SYM,LOW_SYM,True,True
32597,[H]Oc1c([H])c(OC([H])([H])C([H])([H])[H])c([H])n1[H],6.0,C1,1,Cs,2,0.5,False,False,1,LOW_SYM,LOW_SYM,True,True
30816,[H]OC([H])([H])c1nc([H])oc1OC([H])([H])[H],7.0,Cs,2,C1,1,0.5,False,False,1,LOW_SYM,LOW_SYM,True,True
6944,[H]O[C@]1(C([H])([H])[H])[C@@]([H])(C([H])([H])[H])C([H])([H])[C@@]1([H])C([H])([H])[H],5.0,Cs,2,C1,1,0.5,False,False,1,LOW_SYM,LOW_SYM,True,True
54707,[H]/N=C(\[H])N([H])C(=O)OC([N-][H])C([H])([H])[H],6.0,C1,1,Cs,2,0.5,False,False,1,LOW_SYM,LOW_SYM,True,True
46367,[H]C1=C(C2([H])C([H])([H])C2([H])[H])C(=O)OC1([H])[H],7.0,C1,1,Cs,2,0.5,False,False,1,LOW_SYM,LOW_SYM,True,True
125591,[H]/N=C(/c1nc([H])n(C([H])([H])[H])n1)N([H])[H],6.0,C1,1,Cs,2,0.5,False,False,1,LOW_SYM,LOW_SYM,True,True
115385,[H]C([H])([H])OC([H])([H])C(=O)C#CC([H])([H])C([H])([H])[H],6.0,C1,1,Cs,2,0.5,False,False,1,LOW_SYM,LOW_SYM,True,True
115226,[H][N-]C(C#CC([H])([H])C([H])([H])C([H])([H])[H])OC([H])([H])[H],7.0,C1,1,Cs,2,0.5,False,False,1,LOW_SYM,LOW_SYM,True,True
1210,[H]N([H])C(=O)OC([H])([H])C#N,5.0,Cs,2,C1,1,0.5,False,False,1,LOW_SYM,LOW_SYM,True,True
23892,[H]c1c(N([H])C2([H])C([H])([H])C2([H])[H])c([H])n([H])c1[H],7.0,Cs,2,C1,1,0.5,False,False,1,LOW_SYM,LOW_SYM,True,True
26071,[H]c1nc(C([H])([H])[NH+](C([H])([H])[H])C([H])([H])[H])oc1[H],8.0,Cs,2,C1,1,0.5,False,False,1,LOW_SYM,LOW_SYM,True,True
34514,[H]C#C[C@]1([H])[C@]2([H])C([H])([H])C([H])([H])C([H])([H])C([H])([H])[C@]12[H],5.0,Cs,2,C1,1,0.5,False,False,1,LOW_SYM,LOW_SYM,True,True
128534,[H]/C(N([H])[H])=[N+](/[H])c1c(O)c([H])nn1[H],8.0,Cs,2,C1,1,0.5,False,False,1,LOW_SYM,LOW_SYM,True,True
30859,[H]C#Cc1oc([H])c([H])c1C([H])([H])O[H],6.0,Cs,2,C1,1,0.5,False,False,1,LOW_SYM,LOW_SYM,True,True
26843,[H]c1oc(N([H])[H])c2nc([H])n([H])c12,7.0,Cs,2,C1,1,0.5,False,False,1,LOW_SYM,LOW_SYM,True,True
28668,[H][N-]C1=C(O[H])N=C([H])NC([H])=C1[H],7.0,Cs,2,C1,1,0.5,False,False,1,LOW_SYM,LOW_SYM,True,True
97226,[H]OC([H])([H])C(=O)[C@]1([H])C([H])([H])[C@@]([H])(C([H])([H])[H])C1([H])[H],6.0,Cs,2,C1,1,0.5,False,False,1,LOW_SYM,LOW_SYM,True,True
28185,[H]c1nc(N2C([H])([H])C2([H])[H])oc1N([H])[H],8.0,Cs,2,C1,1,0.5,False,False,1,LOW_SYM,LOW_SYM,True,True
5893,[H][N-][C+]([H])OC(C([H])([H])[H])(C([H])([H])[H])C([H])([H])O[H],5.0,C1,1,Cs,2,0.5,False,False,1,LOW_SYM,LOW_SYM,True,True
74762,[H]C1=C(C([H])([H])[H])N(C([H])([H])[H])C(=O)N([H])C1([H])[H],6.0,Cs,2,C1,1,0.5,False,False,1,LOW_SYM,LOW_SYM,True,True
127469,[H][N-]C1ON=C(N([H])C([H])=O)O1,7.0,C1,1,Cs,2,0.5,False,False,1,LOW_SYM,LOW_SYM,True,True
30018,[H]OC1=C([H])OC([NH2+]C([H])([H])[H])C([H])=C1[H],7.0,C1,1,Cs,2,0.5,False,False,1,LOW_SYM,LOW_SYM,True,True
